asset_id,lp_meta_description,variation,generated_title
100104,鬼獄の夜 漫画,0,【公式】honda(honda)
100758,鬼獄の夜 漫画,0,【公式】さまざなま商品を扱う
100916,鬼獄の夜 漫画,0,【公式】ファヴー
100621,鬼獄の夜 漫画,0,【講義】ワークフローの考え方
100367,鬼獄の夜 漫画,0,【公式】チューリッヒ生命
100806,鬼獄の夜 漫画,0,ライフカード/公式
100569,鬼獄の夜 漫画,0,【公式】オードキャド
100435,鬼獄の夜 漫画,0,【公式】ソニー損保の医療保険
100351,鬼獄の夜 漫画,0,ライフネット生命公式サイト
100478,鬼獄の夜 漫画,0,【公式】ruby on rails
100182,鬼獄の夜 漫画,0,生地:ポリエステル100%
100472,鬼獄の夜 漫画,0,【公式】winラーニング
100951,鬼獄の夜 漫画,0,正直不動産(3)
100003,鬼獄の夜 漫画,0,【公式】ブラッシュアップ・ジャパン
100738,鬼獄の夜 漫画,0,今すぐ求人掲載したい方へ
100958,鬼獄の夜 漫画,0,【公式】ユニメディアbpo
100803,鬼獄の夜 漫画,0,今日中にお金を借りたい方必見
100830,鬼獄の夜 漫画,0,【公式】昭和建物へ
100020,鬼獄の夜 漫画,0,【公式】corner(コルナー)
100431,鬼獄の夜 漫画,0,アフラックのおすすめほけん案内
100460,鬼獄の夜 漫画,0,webサーバー構築ワークショップ
100579,鬼獄の夜 漫画,0,【公式】東京デザイナー学院
100166,鬼獄の夜 漫画,0,【公式】至高の活性炭入りブラックピロー
100486,鬼獄の夜 漫画,0,【公式】dmm webデザイン
101003,鬼獄の夜 漫画,0,【公式】りんご塾は小学生向け
100258,鬼獄の夜 漫画,0,2022年最新商品をチェック
100021,鬼獄の夜 漫画,0,まるごと人事
100512,鬼獄の夜 漫画,0,新卒エンジニア講師陣
100106,鬼獄の夜 漫画,0,【急募】飲食店求人サイト
100481,鬼獄の夜 漫画,0,アクサダイレクトのwebセミナー
100808,鬼獄の夜 漫画,0,【国が認めている減額措置】
100558,鬼獄の夜 漫画,0,【2022年版】cad講座
100350,鬼獄の夜 漫画,0,【公式】保険見直しラボなら
100210,鬼獄の夜 漫画,0,オンワード公式通販サイト
100292,鬼獄の夜 漫画,0,雨具専門店「カジメイク」
100737,鬼獄の夜 漫画,0,【公式】しゅふjob
100430,鬼獄の夜 漫画,0,【2022年】がん保険ランキング
100602,鬼獄の夜 漫画,0,【公式】個別指導塾のマリアージュ
100297,鬼獄の夜 漫画,0,【2022年】自動車保険ランキング
100178,鬼獄の夜 漫画,0,【公式】ポリウレタン製
100077,鬼獄の夜 漫画,0,web選考の仕組みを簡単に
100271,鬼獄の夜 漫画,0,dressy公式通販サイト
100629,鬼獄の夜 漫画,0,【公式】ナレッジ・パソコンスクール
100782,鬼獄の夜 漫画,0,【公式】バイトルnext
100194,鬼獄の夜 漫画,0,ラギッドでボヘミアンなデザインから
100593,鬼獄の夜 漫画,0,404 not found
100491,鬼獄の夜 漫画,0,【公式】パソコン教室isa
100892,鬼獄の夜 漫画,0,【公式】スタンバイ
100998,鬼獄の夜 漫画,0,お申込み簡単無料お試し
100906,鬼獄の夜 漫画,0,パンテパ公式サイト
100201,鬼獄の夜 漫画,0,ライフスタイルを楽しむことのできる大人の女性のためのブランド
100457,鬼獄の夜 漫画,0,クラウド型セキュリティ
100642,鬼獄の夜 漫画,0,【公式】ヒューマンダイナミクス
100075,鬼獄の夜 漫画,0,今すぐ求人掲載したい方へ
100428,鬼獄の夜 漫画,0,告知項目は3つでかんたん
100624,鬼獄の夜 漫画,0,excelpro(エクセルプロ)
100577,鬼獄の夜 漫画,0,【公式】solidworksセミナー
100525,鬼獄の夜 漫画,0,adobe premiere pro
100619,鬼獄の夜 漫画,0,パソコン講座【1万円引き】
100398,鬼獄の夜 漫画,0,【公式】アフラックの保険
100029,鬼獄の夜 漫画,0,hitolinkリクルーティングは、
100817,鬼獄の夜 漫画,0,【公式】三菱地所リアル
100994,鬼獄の夜 漫画,0,スマイルゼミは、小学生向けの通信教育
100995,鬼獄の夜 漫画,0,【公式】成基塾
101008,鬼獄の夜 漫画,0,学研教室のホームページです
100630,鬼獄の夜 漫画,0,【公式】ジャパン・ネット教育
100528,鬼獄の夜 漫画,0,3dcadシステムはkenwood
100348,鬼獄の夜 漫画,0,【公式】保険見直し本舗
100887,鬼獄の夜 漫画,0,paypay銀行の住宅ローン
100696,鬼獄の夜 漫画,0,【公式】東京モード学園
100444,鬼獄の夜 漫画,0,パソコンスクールisa
100055,鬼獄の夜 漫画,0,介護士さんのための転職サイト
100363,鬼獄の夜 漫画,0,【日本生命グループ】はなさく生命
100971,鬼獄の夜 漫画,0,doda(デューダ)
100648,鬼獄の夜 漫画,0,スマイルゼミは、小学生向けの通信教育
100443,鬼獄の夜 漫画,0,microsoftのpower bi
100010,鬼獄の夜 漫画,0,【公式】インターンシップ採用サイト
100934,鬼獄の夜 漫画,0,【公式】エンビロン
100811,鬼獄の夜 漫画,0,【公式】みずほ銀行カードローン
100215,鬼獄の夜 漫画,0,22年秋冬の新作アイテムが勢揃い
100576,鬼獄の夜 漫画,0,パソコン教室初心者の方へ
100140,鬼獄の夜 漫画,0,ミスマッチやミスコミュニケーションを減らしたい方へ
100654,鬼獄の夜 漫画,0,家庭教師の学習法と受験対策
100611,鬼獄の夜 漫画,0,【公式】東京itカレッジ
100695,鬼獄の夜 漫画,0,【公式】東京モード学園
100584,鬼獄の夜 漫画,0,【公式】東京デザイナー学院
100019,鬼獄の夜 漫画,0,【公式】doda(デューダ)
100736,鬼獄の夜 漫画,0,【公式】npo法人モンキーマジック
100467,鬼獄の夜 漫画,0,はじめにおよそ1か月に渡り「aws...
100377,鬼獄の夜 漫画,0,交通事故死亡の無料相談
100480,鬼獄の夜 漫画,0,【公式】dmm webcamp
100313,鬼獄の夜 漫画,0,【三井ダイレクト損保】
100799,鬼獄の夜 漫画,0,商品知識がなくても安心
100561,鬼獄の夜 漫画,0,cad研修はkenスクール
100684,鬼獄の夜 漫画,0,【公式】lenovo公式サイト
100145,鬼獄の夜 漫画,0,転職エージェントを選ぶメリット・デメリット
100334,鬼獄の夜 漫画,0,【公式】アフラックの医療保険
100044,鬼獄の夜 漫画,0,【公式】マイナビジョブサーチ
100109,鬼獄の夜 漫画,0,ビズリーチの人材データベース
100394,鬼獄の夜 漫画,0,医療保険「メディカルkitエール」
100745,鬼獄の夜 漫画,0,採用業務をaiが代行
100393,鬼獄の夜 漫画,0,【公式】アクサダイレクト生命
100834,鬼獄の夜 漫画,0,あなたの不動産、今いくら?
100551,鬼獄の夜 漫画,0,【公式】openwork
100768,鬼獄の夜 漫画,0,【公式】スタンバイ
100923,鬼獄の夜 漫画,0,【公式】サントリーcbd
100682,鬼獄の夜 漫画,0,モバイルデバイスでのuxテスト
100742,鬼獄の夜 漫画,0,【公式】jobns
100253,鬼獄の夜 漫画,0,【公式】bellebuys
100504,鬼獄の夜 漫画,0,【公式】アフターエフェクツ
100566,鬼獄の夜 漫画,0,東京でit・プログラミングを学ぶ場
100305,鬼獄の夜 漫画,0,【公式】セゾン自動車火災保険
100251,鬼獄の夜 漫画,0,ネイル初心者の方へ
100336,鬼獄の夜 漫画,0,スマホで簡単事故対応
100871,鬼獄の夜 漫画,0,商品知識がなくても安心
100983,鬼獄の夜 漫画,0,【朝のみok】アルバイト情報
100779,鬼獄の夜 漫画,0,【公式】はたらこねっと
100227,鬼獄の夜 漫画,0,【公式】onward crosset
100152,鬼獄の夜 漫画,0,2022年最新版ビジネス特化
100849,鬼獄の夜 漫画,0,【三井ダイレクト損保】
100839,鬼獄の夜 漫画,0,【公式】ホームズ
100547,鬼獄の夜 漫画,0,【公式】東京デザイナー学院
100260,鬼獄の夜 漫画,0,フェイラー
100788,鬼獄の夜 漫画,0,【公式】website name
100675,鬼獄の夜 漫画,0,子供がタブレット学習をしようと考えている方
100440,鬼獄の夜 漫画,0,power biツールの使い方をマスター
100323,鬼獄の夜 漫画,0,【三井住友海上】の自動車保険
100244,鬼獄の夜 漫画,0,【丸井】公式通販サイト
100213,鬼獄の夜 漫画,0,限定3点の新作をいち早くチェック
100018,鬼獄の夜 漫画,0,運命の出会いを待つのはやめて
100868,鬼獄の夜 漫画,0,はなさく生命の公式ホームページ
100660,鬼獄の夜 漫画,0,【公式】z会幼児コース
100083,鬼獄の夜 漫画,0,【公式】ケーブルアセンブル
100188,鬼獄の夜 漫画,0,【丸井】公式通販サイト
100126,鬼獄の夜 漫画,0,アクセンチュア(accenture)
100826,鬼獄の夜 漫画,0,【公式】マーキュリーにお任せ下さい
100751,鬼獄の夜 漫画,0,あなたにピッタリの転職サイト
100139,鬼獄の夜 漫画,0,エンジニアの転職をお手伝い
100418,鬼獄の夜 漫画,0,比較するなら、資料請求から
100546,鬼獄の夜 漫画,0,【公式】autocad講座
100240,鬼獄の夜 漫画,0,ブルーノ公式店
100725,鬼獄の夜 漫画,0,2022年最新版
100947,鬼獄の夜 漫画,0,カラダにイイ男1巻
100357,鬼獄の夜 漫画,0,【2022年】生命保険ランキング
100669,鬼獄の夜 漫画,0,冬期講習無料体験授業受付中
100276,鬼獄の夜 漫画,0,【公式】abc-mart
100497,鬼獄の夜 漫画,0,アダプトエフェクトとvfx
101009,鬼獄の夜 漫画,0,学ぶ・学ぶ力、学研プラス
100828,鬼獄の夜 漫画,0,【公式】東急リバブル
100308,鬼獄の夜 漫画,0,【公式】株式会社未来保険
100502,鬼獄の夜 漫画,0,業界最高の専門家が教えるオンライン講座
100164,鬼獄の夜 漫画,0,マキタのコードレス掃除機
100492,鬼獄の夜 漫画,0,アドバンスクールオンラインはこちら
100012,鬼獄の夜 漫画,0,ビズリーチ【企業向け公式】
100123,鬼獄の夜 漫画,0,シニア・ミドル世代の方向け就職セミナー
100134,鬼獄の夜 漫画,0,【公式】アクセンチュア採用hp
100302,鬼獄の夜 漫画,0,アクサダイレクトの自動車保険
100889,鬼獄の夜 漫画,0,住宅ローンならauじぶん銀行
100952,鬼獄の夜 漫画,0,【公式】コミックシーモア
100941,鬼獄の夜 漫画,0,【12 29:00まで】完全無料
100102,鬼獄の夜 漫画,0,【公式】ゼクシィ採用管理システム
100089,鬼獄の夜 漫画,0,優秀な人材を自分で直接検索
100125,鬼獄の夜 漫画,0,【公式】なるはやキャリア相談室
100047,鬼獄の夜 漫画,0,【公式】マイナビ転職
100113,鬼獄の夜 漫画,0,【公式】ビズリーチ
100157,鬼獄の夜 漫画,0,あなたらしいuiデザインをご提案
100643,鬼獄の夜 漫画,0,【公式】マイクロソフトオフィス研修
100810,鬼獄の夜 漫画,0,埼玉でマイカーローンなら
100404,鬼獄の夜 漫画,0,【公式】太陽生命のがん保険
100079,鬼獄の夜 漫画,0,【公式】ウィルオブコンストラクション
100379,鬼獄の夜 漫画,0,【公式】アクサダイレクト
100686,鬼獄の夜 漫画,0,【公式】進研ゼミ中学講座
100982,鬼獄の夜 漫画,0,【公式】日勤のみ・日勤のみ
100168,鬼獄の夜 漫画,0,【公式】ミシンレンタル
100419,鬼獄の夜 漫画,0,【公式】オリックス生命
100333,鬼獄の夜 漫画,0,【公式】アフラックの保険相談
100317,鬼獄の夜 漫画,0,三井住友海上の自動車保険
100474,鬼獄の夜 漫画,0,【公式】paython 7
100008,鬼獄の夜 漫画,0,【公式】リクナビ2024
100275,鬼獄の夜 漫画,0,2022年最新商品をチェック
100567,鬼獄の夜 漫画,0,【公式】スクエアプランニング
100848,鬼獄の夜 漫画,0,【2022年最新】自動車保険
100063,鬼獄の夜 漫画,0,indeed(インデッド)
100924,鬼獄の夜 漫画,0,【公式】ドクターシーラボ
100732,鬼獄の夜 漫画,0,ホテルズワーク求人サイト
100407,鬼獄の夜 漫画,0,【選ばれ続けてきたアフラック】
100704,鬼獄の夜 漫画,0,人材情報サービスアイデム
100450,鬼獄の夜 漫画,0,【1番安いrpaツール】
100340,鬼獄の夜 漫画,0,【公式】チューリッヒのバイク保険
100726,鬼獄の夜 漫画,0,【公式】しゅふjob
100475,鬼獄の夜 漫画,0,【公式】techmentor
100236,鬼獄の夜 漫画,0,ハッピーファクトリー。
100057,鬼獄の夜 漫画,0,【このメディア】おすすめの企業
100664,鬼獄の夜 漫画,0,【公式】baby kumon
100274,鬼獄の夜 漫画,0,オンワードグループ公式通販サイト
100485,鬼獄の夜 漫画,0,【公式】u
100437,鬼獄の夜 漫画,0,【2022年】医療保険ランキング
100162,鬼獄の夜 漫画,0,マキタのコードレス掃除機
100242,鬼獄の夜 漫画,0,【丸井】公式通販サイト
100964,鬼獄の夜 漫画,0,【公式】スタンバイ
100232,鬼獄の夜 漫画,0,「マルイ」公式通販サイト
100045,鬼獄の夜 漫画,0,あなたにピッタリの転職サイト
100814,鬼獄の夜 漫画,0,【公式】丸和建設株式会社。
100111,鬼獄の夜 漫画,0,【公式】アットカンパニークラウド
100713,鬼獄の夜 漫画,0,【公式】美プロ
100753,鬼獄の夜 漫画,0,web応募ならジョブペーパー
100867,鬼獄の夜 漫画,0,【2022年最新】医療保険ランキング
100025,鬼獄の夜 漫画,0,doda(デューダ)
100946,鬼獄の夜 漫画,0,【公式】普通の女の子の幸せ
100781,鬼獄の夜 漫画,0,練馬区で求人掲載なら
100575,鬼獄の夜 漫画,0,jwcadの基礎から応用
100532,鬼獄の夜 漫画,0,2022年最新3dcg制作
100173,鬼獄の夜 漫画,0,【公式】リタマインド・ジャパン
100884,鬼獄の夜 漫画,0,【三井住友海上】の自動車保険
101010,鬼獄の夜 漫画,0,【公式】東京個別指導学院
100933,鬼獄の夜 漫画,0,ミスアリーヴォ公式通販
100505,鬼獄の夜 漫画,0,おすすめビデオ編集スクールtop3
100549,鬼獄の夜 漫画,0,2次元cadオペレーター試験
100589,鬼獄の夜 漫画,0,【公式】optimal biz
100730,鬼獄の夜 漫画,0,【公式】website name
100771,鬼獄の夜 漫画,0,【公式】リクナビnext
100874,鬼獄の夜 漫画,0,乗るピタ!
100130,鬼獄の夜 漫画,0,優しい思いやりで選ぶ転職エージェントakahai
100295,鬼獄の夜 漫画,0,【公式】amazon.co.jp
100423,鬼獄の夜 漫画,0,告知事項は2つだけ
100358,鬼獄の夜 漫画,0,【公式】かんたん告知はなさく
100598,鬼獄の夜 漫画,0,【公式】りんご塾は小学生向け
100281,鬼獄の夜 漫画,0,アルアバイル(allureville)
100473,鬼獄の夜 漫画,0,【公式】リカレントテクノロジー
100534,鬼獄の夜 漫画,0,3dcgクリエイターを目指す専門校
100573,鬼獄の夜 漫画,0,cad研修はkenスクール
100673,鬼獄の夜 漫画,0,【公式】be studio
100612,鬼獄の夜 漫画,0,35歳以下の方も対象
100211,鬼獄の夜 漫画,0,19.5cm〜27.0cmで展開
100774,鬼獄の夜 漫画,0,【公式】ジョブメドレー
100226,鬼獄の夜 漫画,0,【amazon】タケオキクチ
100228,鬼獄の夜 漫画,0,【公式】onward crosset
100544,鬼獄の夜 漫画,0,テンプスタッフcad講座
101000,鬼獄の夜 漫画,0,【公式】katecoの学習指導
100755,鬼獄の夜 漫画,0,夜の街・六本木でバイトするなら
100513,鬼獄の夜 漫画,0,【公式】バンタンゲームアカデミー
100829,鬼獄の夜 漫画,0,【公式】ネストピア渡辺通
100138,鬼獄の夜 漫画,0,【公式】コンサルタントジョブ
100693,鬼獄の夜 漫画,0,初めての方向けオンライン英会話
100050,鬼獄の夜 漫画,0,職種別で探せる転職サイト
100864,鬼獄の夜 漫画,0,【公式】セゾンの自動車保険
100307,鬼獄の夜 漫画,0,2022年最新おすすめ自動車保険
100272,鬼獄の夜 漫画,0,【公式】any fam
100306,鬼獄の夜 漫画,0,【公式】アンドイー損保
100846,鬼獄の夜 漫画,0,損害保険見直し本舗
100878,鬼獄の夜 漫画,0,【2022年】生命保険ランキング
100239,鬼獄の夜 漫画,0,【公式】bruno(ブルーノ)
100004,鬼獄の夜 漫画,0,求人媒体の選定なら
100361,鬼獄の夜 漫画,0,【公式】アクサダイレクト生命
100397,鬼獄の夜 漫画,0,【朝日生命】の生活習慣病保険
100907,鬼獄の夜 漫画,0,【公式】エスニック衣料通販
100360,鬼獄の夜 漫画,0,【2022年】生命保険ランキング
100256,鬼獄の夜 漫画,0,卑弥呼himiko
100283,鬼獄の夜 漫画,0,新作アイテムが勢揃い
100516,鬼獄の夜 漫画,0,レイアウトデザインの作成デスクトップパブリッシング
100455,鬼獄の夜 漫画,0,1度で習得できる基礎コース
100870,鬼獄の夜 漫画,0,人気no.1のオンライン保険相談
100330,鬼獄の夜 漫画,0,はなさく生命の死亡保険
100869,鬼獄の夜 漫画,0,【公式】スクエアbang
100943,鬼獄の夜 漫画,0,【公式】コミックシーモア
100798,鬼獄の夜 漫画,0,【公式】損害保険見直し本舗
100942,鬼獄の夜 漫画,0,絶対合格の教室1巻
100456,鬼獄の夜 漫画,0,【公式】awsクラウド
100180,鬼獄の夜 漫画,0,生地:ポリエステル100%
100873,鬼獄の夜 漫画,0,損保ジャパン公式ウェブサイト
100059,鬼獄の夜 漫画,0,【公式】リクルートスタッフィング
100434,鬼獄の夜 漫画,0,がんの治療費を実質0円に
100035,鬼獄の夜 漫画,0,【公式】fulldesign
100392,鬼獄の夜 漫画,0,【2022年】医療保険ランキング
100939,鬼獄の夜 漫画,0,【公式】コミックシーモア
100687,鬼獄の夜 漫画,0,【公式】z会の通信教育
100580,鬼獄の夜 漫画,0,【公式】バンタンテックフォードアカデミー
100469,鬼獄の夜 漫画,0,35歳以下の方も対象
100740,鬼獄の夜 漫画,0,フランチャイズフランチャイズはブラック大募集
100850,鬼獄の夜 漫画,0,【公式】セゾン自動車火災保険
100545,鬼獄の夜 漫画,0,ソリッドワークス認定販売代理店
100699,鬼獄の夜 漫画,0,公式/アド・イーグル・ジャパン
100069,鬼獄の夜 漫画,0,【公式】さまざなま商品を扱う
100789,鬼獄の夜 漫画,0,【公式】ジョブリスト
100417,鬼獄の夜 漫画,0,【2022年】生命保険ランキング
100129,鬼獄の夜 漫画,0,【公式】マイナビ転職
100572,鬼獄の夜 漫画,0,未経験からitエンジニアへ
100241,鬼獄の夜 漫画,0,bruno公式通販サイト
100468,鬼獄の夜 漫画,0,aws認定保持者限定のaws
100310,鬼獄の夜 漫画,0,【公式】こくみん共済coop
100429,鬼獄の夜 漫画,0,【公式】アフラックの保険相談
100879,鬼獄の夜 漫画,0,【公式】アクサダイレクト
100609,鬼獄の夜 漫画,0,今より2.5倍引き出し新規入会を増やす
100285,鬼獄の夜 漫画,0,会員登録は無料
100932,鬼獄の夜 漫画,0,ニキビ跡は一生残ります
100412,鬼獄の夜 漫画,0,【こくみん共済coop】
100070,鬼獄の夜 漫画,0,【公式】日産自動車の期間従業員募集
100427,鬼獄の夜 漫画,0,【コープ共済】ならお任せ
100770,鬼獄の夜 漫画,0,【求人掲載の窓口】タウンワーク
100368,鬼獄の夜 漫画,0,【公式】オリックス生命
100519,鬼獄の夜 漫画,0,【公式】liliデザインアカデミー
100685,鬼獄の夜 漫画,0,【公式】optimal biz
100880,鬼獄の夜 漫画,0,いつまでも変わらない歓びを。
100800,鬼獄の夜 漫画,0,初心者でも簡単に保険料をシミュレーション
100094,鬼獄の夜 漫画,0,【公式】line campfire
100442,鬼獄の夜 漫画,0,業界特化型で顧客第一主義
100115,鬼獄の夜 漫画,0,マイセルフ運営のお仕事
100775,鬼獄の夜 漫画,0,【公式】はたらく求人ナビ
100950,鬼獄の夜 漫画,0,【公式】dmm.com
100610,鬼獄の夜 漫画,0,完全オンライン特化
100578,鬼獄の夜 漫画,0,【公式】東京デザイナー学院
100746,鬼獄の夜 漫画,0,【公式】ゼクシィ採用管理システム
100565,鬼獄の夜 漫画,0,【公式】パソコン教室から
100996,鬼獄の夜 漫画,0,あなたにピッタリの講座をご紹介
100735,鬼獄の夜 漫画,0,35歳以下の方も対象
100261,鬼獄の夜 漫画,0,ベオンラインストア
100797,鬼獄の夜 漫画,0,アフラックのお店へ
100014,鬼獄の夜 漫画,0,未経験から就職しよう
100596,鬼獄の夜 漫画,0,【公式】dmm webcamp
100349,鬼獄の夜 漫画,0,【2022年】生命保険ランキング
100720,鬼獄の夜 漫画,0,【公式】しゅふjob
100220,鬼獄の夜 漫画,0,2022年最新ランキングで比較できます
100462,鬼獄の夜 漫画,0,【公式】u
100600,鬼獄の夜 漫画,0,中学受験のための通信教育
100217,鬼獄の夜 漫画,0,【公式】vivian vivian
100375,鬼獄の夜 漫画,0,【公式】楽天生命の死亡保険
100563,鬼獄の夜 漫画,0,【公式】u
100421,鬼獄の夜 漫画,0,【公式】元気パスポート
100040,鬼獄の夜 漫画,0,【公式】ビズリーチ
100813,鬼獄の夜 漫画,0,土地の売却ならリブネス
100225,鬼獄の夜 漫画,0,【丸井】公式通販サイト
100399,鬼獄の夜 漫画,0,太陽生命の死亡保険一覧
100219,鬼獄の夜 漫画,0,【公式】any sis
100944,鬼獄の夜 漫画,0,【公式】コミックシーモア
100972,鬼獄の夜 漫画,0,【公式】タウンワークで神奈川県
100202,鬼獄の夜 漫画,0,唯一無二のアートレザーの世界
100268,鬼獄の夜 漫画,0,ミッシュマッシュ公式通販
100329,鬼獄の夜 漫画,0,【2022年最新】医療保険ランキング
100245,鬼獄の夜 漫画,0,レディースファッション通販shoplist
100700,鬼獄の夜 漫画,0,【exit】営業リスト作成
100748,鬼獄の夜 漫画,0,求人掲載数no.1のエージェント
100900,鬼獄の夜 漫画,0,【公式】form labs
100997,鬼獄の夜 漫画,0,【公式】steamcamp 2022
100128,鬼獄の夜 漫画,0,カレンダーを空けて待とう人へ
100252,鬼獄の夜 漫画,0,アールピーエス
100827,鬼獄の夜 漫画,0,【公式】安心のリハウス
100855,鬼獄の夜 漫画,0,アクサダイレクトの自動車保険
100373,鬼獄の夜 漫画,0,暮らしの安心を守る県民共済
100370,鬼獄の夜 漫画,0,【公式】ベル少額短期保険
100142,鬼獄の夜 漫画,0,自らの専門能力を武器に活躍するフリーコンサルタント
100073,鬼獄の夜 漫画,0,【公式】東洋ワーク
100263,鬼獄の夜 漫画,0,ポール・ジョイ・ビートル
100264,鬼獄の夜 漫画,0,ポール・ジョーシスター公式通販
100136,鬼獄の夜 漫画,0,フリーランスエンジニアの方へ
100482,鬼獄の夜 漫画,0,【公式】illustrator
100515,鬼獄の夜 漫画,0,美少女からモンスターまでデザイン
100893,鬼獄の夜 漫画,0,関東全域の求人情報掲載。
100304,鬼獄の夜 漫画,0,損保ジャパン公式ウェブサイト
100823,鬼獄の夜 漫画,0,不動産の売却ならノムコム
100406,鬼獄の夜 漫画,0,人気の医療保険を徹底比較
100812,鬼獄の夜 漫画,0,【公式】オリックス・クレジット
101005,鬼獄の夜 漫画,0,【公式】進研ゼミ中学講座
100451,鬼獄の夜 漫画,0,東京でのrpa研修はkenスクール
100163,鬼獄の夜 漫画,0,マキタのコードレス掃除機
100301,鬼獄の夜 漫画,0,チューリッヒのスーパー自動車保険
100853,鬼獄の夜 漫画,0,【2022年】自動車保険ランキング
100597,鬼獄の夜 漫画,0,第二言語習得論の受験への応用
100715,鬼獄の夜 漫画,0,【公式】キャバクラ風雅
100754,鬼獄の夜 漫画,0,【急募】飲食店求人サイト
100487,鬼獄の夜 漫画,0,photoshop、illustrator
100560,鬼獄の夜 漫画,0,【公式】ironcad/装置
100599,鬼獄の夜 漫画,0,【公式】進研ゼミ小学講座
100832,鬼獄の夜 漫画,0,【公式】スーモ不動産売却
100183,鬼獄の夜 漫画,0,【丸井】マルイの通販サイト
100632,鬼獄の夜 漫画,0,excel研修はkenスクール
100233,鬼獄の夜 漫画,0,ホットペッパービューティー
100365,鬼獄の夜 漫画,0,太陽生命の死亡保険
100342,鬼獄の夜 漫画,0,【公式】三井ダイレクト損保
100503,鬼獄の夜 漫画,0,【公式】バンタンデザイン研究所
100539,鬼獄の夜 漫画,0,旭化成グループ企業の採用情報
100904,鬼獄の夜 漫画,0,【公式】ベルーナ/通販生活
100678,鬼獄の夜 漫画,0,今より2.5倍引き出し新規入会を増やす
100385,鬼獄の夜 漫画,0,医療保険ライズサポートプラス
100466,鬼獄の夜 漫画,0,【公式】クラムメディア
100636,鬼獄の夜 漫画,0,パソコンスクールメディアック住吉教室
100541,鬼獄の夜 漫画,0,【公式】ラクに簡単にcadトレース
100181,鬼獄の夜 漫画,0,生地:ポリエステル100%
100991,鬼獄の夜 漫画,0,【公式】応援ノート
100324,鬼獄の夜 漫画,0,東京のバイク保険を徹底比較
100521,鬼獄の夜 漫画,0,【公式】東京itスクールcad
100843,鬼獄の夜 漫画,0,【公式】セコムグループ医療保険
100698,鬼獄の夜 漫画,0,【公式】マイナビ転職
100022,鬼獄の夜 漫画,0,【公式】はたらこねっと
100533,鬼獄の夜 漫画,0,【公式】autocad 2023
100086,鬼獄の夜 漫画,0,人材採用でお探しなら
100269,鬼獄の夜 漫画,0,ミッシュマッシュ
100601,鬼獄の夜 漫画,0,【公式】lexus osaka
100165,鬼獄の夜 漫画,0,【公式】ピロースタンド
100988,鬼獄の夜 漫画,0,受講後、最短2か月で資格取得
100221,鬼獄の夜 漫画,0,楽天スーパーポイントキャンペーン
100039,鬼獄の夜 漫画,0,転職潜在層へのリーチ
100355,鬼獄の夜 漫画,0,【2022年】生命保険ランキング
100535,鬼獄の夜 漫画,0,レーザー計測から点群ソフト
100364,鬼獄の夜 漫画,0,【日本生命】のお見積り比較サイト
100235,鬼獄の夜 漫画,0,「マルイ」公式通販サイト
100926,鬼獄の夜 漫画,0,史上最高濃度ビタミンcローション
100634,鬼獄の夜 漫画,0,【公式】パソコン教室アビバ
100976,鬼獄の夜 漫画,0,ビズリーチは自社完結型
100721,鬼獄の夜 漫画,0,【公式】トリドール
100615,鬼獄の夜 漫画,0,【公式】kaica(カイカ)
100319,鬼獄の夜 漫画,0,【公式】損害保険見直し本舗
100622,鬼獄の夜 漫画,0,ビジネス向けexcel講座
100095,鬼獄の夜 漫画,0,スターラボの人材紹介サービス
100132,鬼獄の夜 漫画,0,待っているだけで企業から声がかかる
100159,鬼獄の夜 漫画,0,【公式】東京ゲームアカデミー
100262,鬼獄の夜 漫画,0,ポール・ジョーシスター公式通販
100949,鬼獄の夜 漫画,0,【公式】コミックシーモア
100042,鬼獄の夜 漫画,0,マーメイド人材採用
101002,鬼獄の夜 漫画,0,【公式】英検2級を目指せる
100131,鬼獄の夜 漫画,0,【公式】フォークウェルジョブズ
100860,鬼獄の夜 漫画,0,2022年最新:自動車保険一括見積
100538,鬼獄の夜 漫画,0,3dcadデータの形状から部品を探す
100436,鬼獄の夜 漫画,0,人気の医療保険ランキング
100488,鬼獄の夜 漫画,0,【公式】macbook pro
100640,鬼獄の夜 漫画,0,サイボウズチームワーク総研
100002,鬼獄の夜 漫画,0,【公式】マイナビ転職
100433,鬼獄の夜 漫画,0,ライフネット生命のがん保険
100833,鬼獄の夜 漫画,0,【公式】ズバット不動産売却
100587,鬼獄の夜 漫画,0,2022年最新版
100026,鬼獄の夜 漫画,0,【公式】キャリオク
100223,鬼獄の夜 漫画,0,2022年最新商品が勢揃い
100688,鬼獄の夜 漫画,0,関関同立の幼児教室です
100836,鬼獄の夜 漫画,0,あなたの不動産、いくら?
100347,鬼獄の夜 漫画,0,はなさく生命の死亡保険
100966,鬼獄の夜 漫画,0,【公式】ジョブリスト
100049,鬼獄の夜 漫画,0,【今がチャンス】今がチャンス
100060,鬼獄の夜 漫画,0,【株)one(ワン)
100438,鬼獄の夜 漫画,0,はなさく生命の医療保険
100744,鬼獄の夜 漫画,0,【公式】パーソルフィールドスタッフ
100671,鬼獄の夜 漫画,0,アゴダでフランチャイズ契約を結ぶ
100494,鬼獄の夜 漫画,0,webデザイナー研修オンライン講義
100882,鬼獄の夜 漫画,0,自動車保険20社一括見積もり
100338,鬼獄の夜 漫画,0,【公式】三井ダイレクト損保
100288,鬼獄の夜 漫画,0,ウィルセレクション(willselection)
100585,鬼獄の夜 漫画,0,cad・bim作成をお探しなら
100270,鬼獄の夜 漫画,0,ミッシュマッシュ
100254,鬼獄の夜 漫画,0,アールピーエス(rps)のアイテム
100574,鬼獄の夜 漫画,0,cad研修はkenスクール
100088,鬼獄の夜 漫画,0,【公式】ジョブアド
100529,鬼獄の夜 漫画,0,公式/solid edge
100835,鬼獄の夜 漫画,0,【公式】home4u
100543,鬼獄の夜 漫画,0,autocad 2d
100006,鬼獄の夜 漫画,0,【初回無料】の転職なら
100613,鬼獄の夜 漫画,0,【公式】lenovopro
100195,鬼獄の夜 漫画,0,ラコステ公式オンラインショップ
100150,鬼獄の夜 漫画,0,【公式】パーソルキャリア
100192,鬼獄の夜 漫画,0,アートカイブスマリブ公式オンラインショップ
100286,鬼獄の夜 漫画,0,【shoplist】公式通販サイト
100148,鬼獄の夜 漫画,0,dfe社経理代行サービス
100028,鬼獄の夜 漫画,0,【公式】ドリームキャリア
100886,鬼獄の夜 漫画,0,医療保険「メディカルkit neo」
100903,鬼獄の夜 漫画,0,フェリシモでは通販カタログで商品をチェック
100470,鬼獄の夜 漫画,0,【公式】クラスメソッド
100658,鬼獄の夜 漫画,0,【2022年】住宅ローンランキング
100837,鬼獄の夜 漫画,0,【公式】スターツピタットハウス
100167,鬼獄の夜 漫画,0,【公式】ミシンレンタル
100033,鬼獄の夜 漫画,0,【公式】jobns
100741,鬼獄の夜 漫画,0,【はたらく求人ナビ】はたらく
100291,鬼獄の夜 漫画,0,2022年最新ランキングで比較
100054,鬼獄の夜 漫画,0,忙しいビジネスパーソンのために
100175,鬼獄の夜 漫画,0,あなたの愛犬が今すぐチェック
100562,鬼獄の夜 漫画,0,【公式】株式会社メイテック
100172,鬼獄の夜 漫画,0,【公式】コットンパール
100158,鬼獄の夜 漫画,0,クラッチクリエイター求人
100945,鬼獄の夜 漫画,0,【公式】renta!(レンタ)
100552,鬼獄の夜 漫画,0,【公式】autodesk online
100212,鬼獄の夜 漫画,0,【公式】oriental traffic
100592,鬼獄の夜 漫画,0,【公式】katecoの学習指導
100556,鬼獄の夜 漫画,0,【公式】ヒューマンリソシア
100694,鬼獄の夜 漫画,0,生涯学習のユーキャン
100918,鬼獄の夜 漫画,0,顔立ちを引き立てる、美顔器
100458,鬼獄の夜 漫画,0,35歳以下の方も対象
100920,鬼獄の夜 漫画,0,【公式】ドクターシーラボ
100101,鬼獄の夜 漫画,0,web面接の代行でお悩みなら
100085,鬼獄の夜 漫画,0,【公式】リクルートエージェント
100265,鬼獄の夜 漫画,0,マイケル・コース
101007,鬼獄の夜 漫画,0,【公式】東京モード学園
100667,鬼獄の夜 漫画,0,タブレット学習「スマイルゼミ」
100147,鬼獄の夜 漫画,0,経理・財務・会計の転職専門エージェント
100076,鬼獄の夜 漫画,0,トヨタモーターサイクル株式会社
100121,鬼獄の夜 漫画,0,優秀な人材を自分で直接検索
100197,鬼獄の夜 漫画,0,2022年最新ランキングで比較
100912,鬼獄の夜 漫画,0,話題のドクターシーラボの商品
100635,鬼獄の夜 漫画,0,mos研修はkenスクール
100038,鬼獄の夜 漫画,0,【公式】エン転職/以下
100989,鬼獄の夜 漫画,0,【公式】u
100300,鬼獄の夜 漫画,0,【公式】セゾンの自動車保険
100479,鬼獄の夜 漫画,0,完全オリジナルカリキュラムで、自分らしいプログラミング
100677,鬼獄の夜 漫画,0,アダプティブラーニング教材
100372,鬼獄の夜 漫画,0,【公式】アクサダイレクト
100750,鬼獄の夜 漫画,0,【公式】タウンワーク
100790,鬼獄の夜 漫画,0,【公式】タウンワーク
100454,鬼獄の夜 漫画,0,just another wordpress
100410,鬼獄の夜 漫画,0,【公式】保険見直し相談窓口
100656,鬼獄の夜 漫画,0,お得なキャンペーン実施中
100581,鬼獄の夜 漫画,0,公式/東京デザイン専門学校
100747,鬼獄の夜 漫画,0,【公式】はたらこねっと
100216,鬼獄の夜 漫画,0,【わがままで自分勝...】
100352,鬼獄の夜 漫画,0,【2022年】生命保険ランキング
100068,鬼獄の夜 漫画,0,【求人】工場求人なら
100198,鬼獄の夜 漫画,0,【楽天】万が一に備えて保険加入
100452,鬼獄の夜 漫画,0,microsoft power automate
100151,鬼獄の夜 漫画,0,会計士専門のキャリアアドバイザー
100062,鬼獄の夜 漫画,0,あなたの時間を作るリモートアシスタント
100583,鬼獄の夜 漫画,0,3d cad研修はkenスクール
100921,鬼獄の夜 漫画,0,【公式】ドクターシーラボ
100714,鬼獄の夜 漫画,0,【公式】スタンバイ
100371,鬼獄の夜 漫画,0,【2022年最新】生命保険ランキング
100290,鬼獄の夜 漫画,0,【marry】公式通販サイト
100591,鬼獄の夜 漫画,0,【公式】東京個別指導学院
100326,鬼獄の夜 漫画,0,【公式】セコムグループ医療保険
100841,鬼獄の夜 漫画,0,【翔栄】不動産の売却なら
100024,鬼獄の夜 漫画,0,優秀な人材を自分で直接検索
100697,鬼獄の夜 漫画,0,40代に強い税理士紹介サイト
100072,鬼獄の夜 漫画,0,web応募ならジョブペーパー
100445,鬼獄の夜 漫画,0,power biツールの使い方をマスター
100937,鬼獄の夜 漫画,0,2022年最新版ニキビ治療クリニック
100851,鬼獄の夜 漫画,0,【公式】チューリッヒの自動車保険
100767,鬼獄の夜 漫画,0,【人材派遣会社】の選び方
100495,鬼獄の夜 漫画,0,【公式】dmm webcamp
100078,鬼獄の夜 漫画,0,【公式】綜合キャリアオプション
100321,鬼獄の夜 漫画,0,【公式】三井住友海上の自動車保険
100218,鬼獄の夜 漫画,0,オンワードグループ公式通販サイト
100594,鬼獄の夜 漫画,0,404 not found
100137,鬼獄の夜 漫画,0,エンジニア採用でお悩みの企業様
100840,鬼獄の夜 漫画,0,2022年最新住宅ローンランキング
100009,鬼獄の夜 漫画,0,【公式】キミスカ
100156,鬼獄の夜 漫画,0,グラフィックデザイナーの方へ
100550,鬼獄の夜 漫画,0,プロダクトデザイン(工業デザイン)
100424,鬼獄の夜 漫画,0,sbi生命のおすすめがん保険
100975,鬼獄の夜 漫画,0,【公式】はたらく求人ナビ
100380,鬼獄の夜 漫画,0,【公式】セゾンの自動車保険
100093,鬼獄の夜 漫画,0,doda(デューダ)
100160,鬼獄の夜 漫画,0,ブルーノオンライン
100249,鬼獄の夜 漫画,0,ローズバッド公式サイト
100659,鬼獄の夜 漫画,0,「リスニング」の新シリーズ
100757,鬼獄の夜 漫画,0,【アルバイトex】なら
100999,鬼獄の夜 漫画,0,【公式】こどもちゃれんじ6年間やってみた
100712,鬼獄の夜 漫画,0,【公式】特別企画2022年12月末まで
100787,鬼獄の夜 漫画,0,【公式】ショットワークス
100052,鬼獄の夜 漫画,0,【公式】ミイダス/社員分析
100722,鬼獄の夜 漫画,0,【公式】ジョブリスト
100396,鬼獄の夜 漫画,0,【公式】オリックス生命
100243,鬼獄の夜 漫画,0,【公式】フラボア公式通販サイト
100902,鬼獄の夜 漫画,0,公式通販ハット、マリンキャップ、...
100590,鬼獄の夜 漫画,0,お子さまと向き合った学習法
100084,鬼獄の夜 漫画,0,転職ならyell(エール)
100259,鬼獄の夜 漫画,0,【公式】gluxury
100723,鬼獄の夜 漫画,0,【公式】スタンバイ
100196,鬼獄の夜 漫画,0,2022年最新ランキングで比較
100582,鬼獄の夜 漫画,0,【公式】ベクターワークス
100117,鬼獄の夜 漫画,0,就活生のためのサイト
100689,鬼獄の夜 漫画,0,全国の塾・塾の中から
100877,鬼獄の夜 漫画,0,【公式】損害保険見直し本舗
100449,鬼獄の夜 漫画,0,【公式】kenスクールのit研修
100110,鬼獄の夜 漫画,0,【公式】フレキシブルキャリア
100465,鬼獄の夜 漫画,0,awsの基礎コースで学ぶなら
100809,鬼獄の夜 漫画,0,【公式】株式会社semエージェンシー
100036,鬼獄の夜 漫画,0,web業界に特化した求人メディア
100112,鬼獄の夜 漫画,0,【公式】アットカンパニークラウド
100346,鬼獄の夜 漫画,0,はなさく生命の公式ホームページ
100034,鬼獄の夜 漫画,0,【公式】株式会社エムズ
100246,鬼獄の夜 漫画,0,ロデスコ(rode sko)のアイテム
100369,鬼獄の夜 漫画,0,人気の保険会社を徹底比較
100980,鬼獄の夜 漫画,0,【公式】enjoy
100303,鬼獄の夜 漫画,0,【2022年最新】自動車保険
100511,鬼獄の夜 漫画,0,webデザイン、イラストレーターを目指す
100048,鬼獄の夜 漫画,0,【公式】ビズリーチ
100801,鬼獄の夜 漫画,0,オニクス誕生スマホで完結
100501,鬼獄の夜 漫画,0,【動画編集スクール】moocres
100087,鬼獄の夜 漫画,0,【公式】マンパワーグループ
100051,鬼獄の夜 漫画,0,【公式】リクナビnext
100066,鬼獄の夜 漫画,0,今すぐ稼ぎたい方へ
100206,鬼獄の夜 漫画,0,amazon.co.jp
100255,鬼獄の夜 漫画,0,【公式】ジルスチュアート
100097,鬼獄の夜 漫画,0,未経験から就職できる転職エージェント
100805,鬼獄の夜 漫画,0,【公式】ダイレクトワン
100099,鬼獄の夜 漫画,0,【公式】ビズリーチ
100422,鬼獄の夜 漫画,0,【公式】太陽生命のがん保険
100728,鬼獄の夜 漫画,0,【急募】家でできるバイト
100071,鬼獄の夜 漫画,0,在宅勤務ならリツアン
100739,鬼獄の夜 漫画,0,【公式】タウンワーク採用ページ
100250,鬼獄の夜 漫画,0,ローズバッドrose bud
100120,鬼獄の夜 漫画,0,【公式】u
100032,鬼獄の夜 漫画,0,費用はかかりますか?
100705,鬼獄の夜 漫画,0,【アルバイト情報】キャバクラ151
101004,鬼獄の夜 漫画,0,【公式】こどもちゃれんじじゃんぷ
100309,鬼獄の夜 漫画,0,【公式】soraho/自動車保険
100974,鬼獄の夜 漫画,0,【工場ワークス】なら
100653,鬼獄の夜 漫画,0,中学生のための通信教育教材作文力トレーニング
100852,鬼獄の夜 漫画,0,【公式】チューリッヒの自動車保険
100759,鬼獄の夜 漫画,0,【急募】銀座駅のアルバイト
100144,鬼獄の夜 漫画,0,【公式】campfire
100287,鬼獄の夜 漫画,0,【公式】ウィルセレクション
100816,鬼獄の夜 漫画,0,アイ工務店開催のイベント、土地フェス
100359,鬼獄の夜 漫画,0,【公式】住友生命の医療保険
100819,鬼獄の夜 漫画,0,あなたの不動産、いくら?
100229,鬼獄の夜 漫画,0,【公式】onward crosset
100146,鬼獄の夜 漫画,0,経理・財務・会計の転職に強い
100752,鬼獄の夜 漫画,0,【公式】ブライトグループ赤坂見附
100783,鬼獄の夜 漫画,0,【公式】ジョブメドレー
100780,鬼獄の夜 漫画,0,日本最大級の求人数
100953,鬼獄の夜 漫画,0,【公式】dmm web shop
100707,鬼獄の夜 漫画,0,待っているだけで新規顧客開拓
100641,鬼獄の夜 漫画,0,【公式】アクセンチュア採用hp
100661,鬼獄の夜 漫画,0,【公式】z会幼児コース
100509,鬼獄の夜 漫画,0,【最短2日で学べる講座】
100096,鬼獄の夜 漫画,0,【3か月で辞めたい方へ】
100508,鬼獄の夜 漫画,0,【東京】でillustratorをマスター
100439,鬼獄の夜 漫画,0,【公式】deep data
100489,鬼獄の夜 漫画,0,働きながら学べるwebマーケティング
100981,鬼獄の夜 漫画,0,【急募】高時給のバイト探し
100400,鬼獄の夜 漫画,0,【2022年】生命保険ランキング
100090,鬼獄の夜 漫画,0,2022年最新版
100711,鬼獄の夜 漫画,0,【公式】ジョブリスト
100553,鬼獄の夜 漫画,0,【公式】lexus tokyo
100820,鬼獄の夜 漫画,0,【公式】リバースモーゲージ
100463,鬼獄の夜 漫画,0,3回分の講義で得られる知識
100628,鬼獄の夜 漫画,0,【公式】パソコン教室アビバ
100845,鬼獄の夜 漫画,0,【公式】価格com自動車保険
100614,鬼獄の夜 漫画,0,【最短2週間で合格を目指す】
100476,鬼獄の夜 漫画,0,【公式】javascript library
100586,鬼獄の夜 漫画,0,3dcad導入補助金
100409,鬼獄の夜 漫画,0,簡単な質問に答えるだけ
100027,鬼獄の夜 漫画,0,【公式】dxキャリア
100154,鬼獄の夜 漫画,0,【公式】adps(アドプス)
100496,鬼獄の夜 漫画,0,【公式】アドビのクリエイティブツール
100691,鬼獄の夜 漫画,0,期間限定でコラボ記念キャンペーン実施中
100520,鬼獄の夜 漫画,0,パソコンスクールメディアック住吉教室
100863,鬼獄の夜 漫画,0,自転車保険加入義務化に対応
100278,鬼獄の夜 漫画,0,オールスター・ジャックパーセル
100524,鬼獄の夜 漫画,0,初心者からプロの映像制作者まで
100416,鬼獄の夜 漫画,0,【公式】アフラックのがん保険
100043,鬼獄の夜 漫画,0,【公式】マイナビ転職
100483,鬼獄の夜 漫画,0,webデザインやライティングの専門校
100861,鬼獄の夜 漫画,0,【公式】ソニー損保の自動車保険
100692,鬼獄の夜 漫画,0,おすすめの教材をご紹介
100540,鬼獄の夜 漫画,0,cad入力操作をマスター
100702,鬼獄の夜 漫画,0,【公式】チアキャリア
101012,鬼獄の夜 漫画,0,大学受験のための学習塾
100312,鬼獄の夜 漫画,0,損害保険見直し本舗
100098,鬼獄の夜 漫画,0,未経験でも諦めないでください
100604,鬼獄の夜 漫画,0,2022年、復習塾no.1
100238,鬼獄の夜 漫画,0,【公式】clas(シーラス)
100956,鬼獄の夜 漫画,0,【公式】amazonアソシエイト
100709,鬼獄の夜 漫画,0,【公式】キャリオク
100668,鬼獄の夜 漫画,0,【公式】進研ゼミ小学講座
100327,鬼獄の夜 漫画,0,人気の医療保険ランキングを発表
100331,鬼獄の夜 漫画,0,【2022年】生命保険ランキング
100177,鬼獄の夜 漫画,0,大人ニキビと聞くと女性特有の悩み
100279,鬼獄の夜 漫画,0,東京の超軽量レザースニーカー
100876,鬼獄の夜 漫画,0,【公式】メルセデス・ベンツ
100616,鬼獄の夜 漫画,0,【公式】ナレッジ・パソコンスクール
100905,鬼獄の夜 漫画,0,3号・5号の通販サイト
100065,鬼獄の夜 漫画,0,【公式】team craft
100332,鬼獄の夜 漫画,0,スマホで簡単お申し込み
100403,鬼獄の夜 漫画,0,商品知識がなくても安心
100858,鬼獄の夜 漫画,0,【公式】sbi損保の自動車保険
100766,鬼獄の夜 漫画,0,【急募】主婦の方へ
100719,鬼獄の夜 漫画,0,子育てママさん必見のバイトです
100037,鬼獄の夜 漫画,0,何名採用してもゼロ円!
100366,鬼獄の夜 漫画,0,sbi生命の死亡保険
100542,鬼獄の夜 漫画,0,3d作図ソフトウエア
100517,鬼獄の夜 漫画,0,渋谷のデザイナー育成専門校
100644,鬼獄の夜 漫画,0,仕事の効率化にはpowerpoint
100222,鬼獄の夜 漫画,0,ケット毛布の通販なら無印良品
100376,鬼獄の夜 漫画,0,【公式】富士少額短期保険
100277,鬼獄の夜 漫画,0,2022年最新商品が勢揃い
100293,鬼獄の夜 漫画,0,2022年最新ランキングで比較できます
100518,鬼獄の夜 漫画,0,【公式】skデザインスタジオ
100913,鬼獄の夜 漫画,0,【公式】コットンパール
101011,鬼獄の夜 漫画,0,日本eラーニング大賞【グランプリ】受賞
100386,鬼獄の夜 漫画,0,メディケア生命公式サイト
101006,鬼獄の夜 漫画,0,グローバル人材育成
100322,鬼獄の夜 漫画,0,交通事故被害者の方々へ
100724,鬼獄の夜 漫画,0,【公式】はたらく求人ナビ
100320,鬼獄の夜 漫画,0,【最新版】自動車保険ランキング
100706,鬼獄の夜 漫画,0,【公式】マイナビ転職
100432,鬼獄の夜 漫画,0,【公式】ソニー損保の医療保険
100234,鬼獄の夜 漫画,0,オンワードグループ公式通販サイト
100895,鬼獄の夜 漫画,0,【マルイ】公式通販サイト
100411,鬼獄の夜 漫画,0,告知事項は3つだけ
100339,鬼獄の夜 漫画,0,【公式】チューリッヒのバイク保険
100608,鬼獄の夜 漫画,0,お得なキャンペーン実施中
100426,鬼獄の夜 漫画,0,あなたにぴったりの保険が見つかる
100391,鬼獄の夜 漫画,0,【2022年】生命保険ランキング
100875,鬼獄の夜 漫画,0,東京ガスのインターネット割引
100631,鬼獄の夜 漫画,0,excelの基本操作をマスター
100353,鬼獄の夜 漫画,0,【2022年】生命保険ランキング
100266,鬼獄の夜 漫画,0,【公式】the clinic
100815,鬼獄の夜 漫画,0,土地の売却ならお任せください
100885,鬼獄の夜 漫画,0,【公式】東京海上日動火災保険
100570,鬼獄の夜 漫画,0,【公式】キャプティブ研究所
100231,鬼獄の夜 漫画,0,オンワードグループ公式通販サイト
100031,鬼獄の夜 漫画,0,【公式】キャリアgo!
100185,鬼獄の夜 漫画,0,【公式】missweets
100674,鬼獄の夜 漫画,0,スマイルゼミは、小学生向けの通信教育
100464,鬼獄の夜 漫画,0,まるわかり講座特集ページ
100872,鬼獄の夜 漫画,0,アクサダイレクトの自動車保険
100568,鬼獄の夜 漫画,0,キャプティブ株式会社
100626,鬼獄の夜 漫画,0,【公式】みずほ総合研究所
100420,鬼獄の夜 漫画,0,【公式】アクサダイレクト生命
100838,鬼獄の夜 漫画,0,"【公式】コミコミ価格1,680万円"
100135,鬼獄の夜 漫画,0,シニアエンジニア求人多数
100666,鬼獄の夜 漫画,0,【公式】こどもちゃれんじenglish
100681,鬼獄の夜 漫画,0,こどもちゃれんじのタブレット学習やってみた
100447,鬼獄の夜 漫画,0,【公式】キカガクの研修
100237,鬼獄の夜 漫画,0,【公式】brunoコンパクトホットプレート
100498,鬼獄の夜 漫画,0,【公式】アフターエフェクツ
100453,鬼獄の夜 漫画,0,【公式】ジャパン・ネット教育
100081,鬼獄の夜 漫画,0,【公式】hr forecaster
100058,鬼獄の夜 漫画,0,【公式】dxキャリア
100328,鬼獄の夜 漫画,0,ライフネット生命の生命保険一覧
100915,鬼獄の夜 漫画,0,【公式】リビジョン
100490,鬼獄の夜 漫画,0,【公式】アビバのphotoshop
100821,鬼獄の夜 漫画,0,【公式】東急リバブル
100015,鬼獄の夜 漫画,0,【公式】キュージンプラス
100914,鬼獄の夜 漫画,0,【公式】リビジョン
100413,鬼獄の夜 漫画,0,メディケア生命のがん保険
100016,鬼獄の夜 漫画,0,【公式】リクナビ2024
100374,鬼獄の夜 漫画,0,"子育て世代のための4,000円プラン"
100986,鬼獄の夜 漫画,0,最短1日で資格取得できる
100143,鬼獄の夜 漫画,0,プロコネクト
100362,鬼獄の夜 漫画,0,ネットで簡単死亡保険比較
100030,鬼獄の夜 漫画,0,【公式】ディーナビnext
100013,鬼獄の夜 漫画,0,【公式】コトナル
100187,鬼獄の夜 漫画,0,大人だから出せる余裕感を表現
100657,鬼獄の夜 漫画,0,【公式】チャレンジタッチ
100931,鬼獄の夜 漫画,0,ニキビ跡は一生残ります
100378,鬼獄の夜 漫画,0,年齢と性別を選んで比較
100082,鬼獄の夜 漫画,0,今すぐ求人掲載したい方へ
100824,鬼獄の夜 漫画,0,【公式】すまいバリュー
100531,鬼獄の夜 漫画,0,3dcadソフトウェアicad
100710,鬼獄の夜 漫画,0,【公式】line pay
100847,鬼獄の夜 漫画,0,【公式】jalマイカーローン
100184,鬼獄の夜 漫画,0,【公式】クリフメイヤー
100053,鬼獄の夜 漫画,0,【公式】geeklyの転職支援
100446,鬼獄の夜 漫画,0,【日本マイクロソフト】の研修は
100092,鬼獄の夜 漫画,0,【公式】おむすび
100493,鬼獄の夜 漫画,0,【公式】東京ゲームアカデミー
100023,鬼獄の夜 漫画,0,カレンダーを空けて待とう人へ
100122,鬼獄の夜 漫画,0,【2022年最新】転職エージェント
100064,鬼獄の夜 漫画,0,期間限定入社祝い金総額40万円
100896,鬼獄の夜 漫画,0,【マルイ】公式通販サイト
100571,鬼獄の夜 漫画,0,2022年最新版
100818,鬼獄の夜 漫画,0,鹿児島県の不動産売却なら
100383,鬼獄の夜 漫画,0,医療保険フレキシィ【公式】
100639,鬼獄の夜 漫画,0,webエンジニア育成コースno.1
100928,鬼獄の夜 漫画,0,今週も試食付きサンプルをプレゼント
100208,鬼獄の夜 漫画,0,ライフスタイルを楽しむことのできる大人の女性のためのブランド
100046,鬼獄の夜 漫画,0,doda(デューダ)
100925,鬼獄の夜 漫画,0,【公式】ドクターシーラボ
100802,鬼獄の夜 漫画,0,【公式】オリックス・クレジット
100680,鬼獄の夜 漫画,0,【公式】進研ゼミ小学講座
100294,鬼獄の夜 漫画,0,カーディガンはこちら
100041,鬼獄の夜 漫画,0,何名採用してもゼロ円!
100637,鬼獄の夜 漫画,0,ミッション達成率97.2%
100341,鬼獄の夜 漫画,0,オートバイ保険を徹底比較
100344,鬼獄の夜 漫画,0,【日本生命】はなさく生命
100200,鬼獄の夜 漫画,0,ライフスタイルを楽しむことのできる大人の女性のためのブランド
100484,鬼獄の夜 漫画,0,webデザイナーを目指すなら
100080,鬼獄の夜 漫画,0,今すぐ求人掲載したい方へ
100119,鬼獄の夜 漫画,0,【公式】ビズリーチ
100133,鬼獄の夜 漫画,0,【完全版】エンジニア採用マニュアル
100273,鬼獄の夜 漫画,0,オンワードグループ公式通販サイト
100555,鬼獄の夜 漫画,0,【急募】工場のcad化
100441,鬼獄の夜 漫画,0,研修の予約はこちら
100282,鬼獄の夜 漫画,0,【丸井】markeys
100559,鬼獄の夜 漫画,0,【公式】autocad講座
100448,鬼獄の夜 漫画,0,aidemy premium
100405,鬼獄の夜 漫画,0,なないろ生命の保険
100617,鬼獄の夜 漫画,0,業務効率を上げたいならvba
100865,鬼獄の夜 漫画,0,【公式】jaバンクのマイカーローン
100618,鬼獄の夜 漫画,0,【公式】kenスクールのit研修
100190,鬼獄の夜 漫画,0,porterポーターの通販
100343,鬼獄の夜 漫画,0,【公式】sbi自動車保険
100124,鬼獄の夜 漫画,0,人材情報サービスアイデム
100141,鬼獄の夜 漫画,0,【エンジニアルーム】ならお任せ
100389,鬼獄の夜 漫画,0,【公式】なないろセブン
100384,鬼獄の夜 漫画,0,ライフネット生命公式
100461,鬼獄の夜 漫画,0,エンジニア特化型スカウトサービス
100186,鬼獄の夜 漫画,0,今すぐ【楽天】で予約
100402,鬼獄の夜 漫画,0,【公式】楽天生命の保険
100822,鬼獄の夜 漫画,0,【公式】東急リバブル
100955,鬼獄の夜 漫画,0,夜な夜な危険な悦楽に身を委ね
100390,鬼獄の夜 漫画,0,はなさく生命の医療保険
100230,鬼獄の夜 漫画,0,【公式】onward crosset
100620,鬼獄の夜 漫画,0,【公式】microsoft office
100191,鬼獄の夜 漫画,0,【公式】セキュアペイメント
100727,鬼獄の夜 漫画,0,マイセルフ運営のお仕事
100395,鬼獄の夜 漫画,0,アフラックの公式ホームページ
100588,鬼獄の夜 漫画,0,スマイルゼミは、小学生向けの通信教育
100381,鬼獄の夜 漫画,0,ファインセーブはオリックス生命の保険
100209,鬼獄の夜 漫画,0,新作ブレスレットが勢揃い
100899,鬼獄の夜 漫画,0,九州の食べ物を自宅で楽しめる
100506,鬼獄の夜 漫画,0,【公式】東京モード学園
100507,鬼獄の夜 漫画,0,【公式】dmm webcamp
100161,鬼獄の夜 漫画,0,【公式】bruno(ブルーノ)
100116,鬼獄の夜 漫画,0,【公式】チャームケア・コーポレーション
100207,鬼獄の夜 漫画,0,【tlc】は革好きのためのブランド
100289,鬼獄の夜 漫画,0,ウィルセレクション(willselection)
100171,鬼獄の夜 漫画,0,セラシークタイムレスリペア
100690,鬼獄の夜 漫画,0,【公式】塾ナビ/通信教育
100959,鬼獄の夜 漫画,0,フリーwifi完備
100854,鬼獄の夜 漫画,0,【公式】soraho/自動車保険
100990,鬼獄の夜 漫画,0,【公式】saraスクールジャパン
100103,鬼獄の夜 漫画,0,【公式】リクナビnext
100500,鬼獄の夜 漫画,0,スキルアップに
100247,鬼獄の夜 漫画,0,ロペピクニック
101001,鬼獄の夜 漫画,0,名探偵コナンゼミ通信教育
100257,鬼獄の夜 漫画,0,フェイラー
100927,鬼獄の夜 漫画,0,【公式】リポソームシリーズ
100067,鬼獄の夜 漫画,0,【公式】日産自動車
100105,鬼獄の夜 漫画,0,待っているだけで新規顧客開拓
100510,鬼獄の夜 漫画,0,web制作の基礎から応用まで幅広く学ぶ
100963,鬼獄の夜 漫画,0,【公式】はたらく求人ナビ
100296,鬼獄の夜 漫画,0,【公式】amazon.co.jp
100548,鬼獄の夜 漫画,0,最短2週間でautocadデビュー
100940,鬼獄の夜 漫画,0,今なら月額980円だけじゃない
100387,鬼獄の夜 漫画,0,おすすめの葬儀保険なら
100189,鬼獄の夜 漫画,0,【公式】ブランド・歴史にこだわり
100883,鬼獄の夜 漫画,0,三井住友海上の自動車保険
100862,鬼獄の夜 漫画,0,【公式】こくみん共済coop
100807,鬼獄の夜 漫画,0,オリックス自動車の中古車販売
100948,鬼獄の夜 漫画,0,隣の席の変な先輩1巻
100595,鬼獄の夜 漫画,0,オンライン学習塾ウィンクーラ
100408,鬼獄の夜 漫画,0,メディケア生命公式サイト
100114,鬼獄の夜 漫画,0,【公式】日本工学院専門学校
100672,鬼獄の夜 漫画,0,【公式】名探偵コナンゼミ
100891,鬼獄の夜 漫画,0,はたらこねっと
100729,鬼獄の夜 漫画,0,【公式】しゅふjob
100205,鬼獄の夜 漫画,0,シルバージュエリー&レザーアイテム
100627,鬼獄の夜 漫画,0,【公式】パソコンスクールisa
100248,鬼獄の夜 漫画,0,【公式サイト】ローズバッド
100665,鬼獄の夜 漫画,0,【公式】こどもちゃれんじenglish
100733,鬼獄の夜 漫画,0,ホテルズワーク求人サイト
100663,鬼獄の夜 漫画,0,【公式】学研の幼児ワーク
100638,鬼獄の夜 漫画,0,【公式】オーダーメイドビジネス研修
100214,鬼獄の夜 漫画,0,新作続々入荷中
100731,鬼獄の夜 漫画,0,doda(デューダ)
100425,鬼獄の夜 漫画,0,吸わんトクがん保険
100007,鬼獄の夜 漫画,0,【公式】アクセンチュア採用hp
100199,鬼獄の夜 漫画,0,lacoste(ラコステ)公式通販
100649,鬼獄の夜 漫画,0,【公式】進研ゼミ小学講座
100523,鬼獄の夜 漫画,0,【公式】after effects
100337,鬼獄の夜 漫画,0,【最新】バイク保険ランキング
100522,鬼獄の夜 漫画,0,【公式】よしもとクリエイティブアカデミー
100897,鬼獄の夜 漫画,0,全国の厳選されたグルメ・食品をお取り寄せ
100898,鬼獄の夜 漫画,0,東京のグルメを通販でお取り寄せ
100514,鬼獄の夜 漫画,0,日本デザイン福祉専門学校の体験授業
100459,鬼獄の夜 漫画,0,awsクラウドエンジニア向け
100335,鬼獄の夜 漫画,0,抽選でプレゼントが当たる
100749,鬼獄の夜 漫画,0,【公式】クリエイト転職
100743,鬼獄の夜 漫画,0,【業界最大級の求人数】
100017,鬼獄の夜 漫画,0,【公式】chaku2next
100734,鬼獄の夜 漫画,0,【公式】ママワークスmama works
100623,鬼獄の夜 漫画,0,【公式】パソコン教室のオンライン講座
100001,鬼獄の夜 漫画,0,業界特化型で顧客第一主義
100844,鬼獄の夜 漫画,0,チューリッヒのスーパー自動車保険
100645,鬼獄の夜 漫画,0,【公式】パワーポイント講座
100311,鬼獄の夜 漫画,0,【公式】三井のダイレクト損保
100954,鬼獄の夜 漫画,0,女性を死ぬまで犯す鬼がいた...
