asset_id,kw,variation,generated_title
100104,リクルートダイレクトスカウト 企業向け,0,リクルートダイレクトスカウト
100758,東京 銀座 バイト,0,銀座の居酒屋バイト
100916,ドクターシーラボ 商品,0,【公式】ドクターシーラボ
100621,excel 講座,0,microsoft excel講座
100367,75 歳 過ぎ て も 入れる 死亡 保険 安い,0,ネットで簡単死亡保険比較
100806,オリックス カード,0,【公式】オリックス・クレジット
100569,catia cad,0,cadオペレーター
100435,がん 通院 保険,0,がん保険人気ランキング
100351,安い 癌保険,0,告知項目は3つでかんたん
100478,ruby 講座,0,【公式】ruby on rail
100182,薄焼き いわし せんべい 通販 生活,0,通販生活の薄焼いわし
100472,jwcad スクール,0,jwcad研修はkenスクール
100951,正直不動産 電子書籍,0,正直不動産
100003,デューダ 企業,0,2022年企業向け人事評価ツール
100738,杉並区 パート 募集,0,杉並区パート求人
100958,在宅ワーク 東京 データ入力,0,完全在宅ワークデータ入力初心者
100803,オリックス カードローン,0,カードローンならorix money
100830,北九州市 土地 買取,0,【公式】三井のリハウス
100020,人事 採用,0,人事評価シートの項目と回答
100431,がんほけん,0,がん保険人気ランキング
100460,aws 資格 勉強 方法,0,aws資格の取得をサポート
100579,建築cad,0,cadデータはcadで取得
100166,ビーズ クッション 枕,0,【楽天】ビーズクッション
100486,adobe 勉強,0,adobe reader®
101003,勉強 小学生,0,【公式】進研ゼミ小学講座
100258,フェイラー ハンカチ,0,フェイラーハンカチ
100021,採用 手法,0,【企業様向け】sier
100512,イラレ 講習,0,イラレの講習料金はこちら
100106,リクルート 掲載,0,リクルートダイレクトスカウト
100481,ruby 勉強,0,ruby on rails入門
100808,オリックス カード,0,【公式】オリックス・クレジット
100558,cad スクール 千葉,0,cad研修はkenスクール
100350,保険 見直し ラボ,0,【公式】保険見直しラボ
100210,アルシーヴ ワンピース,0,アルシーヴワンピース
100292,レイン コート 自転車,0,レインコート
100737,市原市 短時間 パート,0,今すぐ求人掲載したい方へ
100430,がんほけん,0,がん保険人気ランキング
100602,子供 塾,0,子供塾なら森塾
100297,自動車 保険 比較,0,かんたん5分でシミュレーション
100178,uvカット 日傘,0,日傘uvカット
100077,期間工 募集,0,今すぐ求人掲載したい方へ
100271,ruirue,0,ルルーユ美容室
100629,excel 講座,0,microsoft excel講座
100782,二子玉川 求人,0,【求人二子玉川】のおすすめ
100194,lacoste 通販,0,lacoste公式オンラインストア
100593,学習塾 中学,0,中学受験、高校受験の学習塾
100491,adobe教室,0,【公式】adobe教室
100892,求人 町田市 パート,0,【パートタイムok】求人サイト
100998,幼児 勉強,0,2022年【最新】人気ランキング
100906,インド綿 ワンピース,0,インド綿のワンピース
100201,laveange 財布,0,laveange
100457,aws 研修,0,企業向けのaws研修を提供
100642,オフィス 講習,0,中小企業向けの企業研修を提供
100075,期間工 募集,0,今すぐ求人掲載したい方へ
100428,なないろ 生命 が ん 保険 評判,0,【死亡保険】太陽生命
100624,excel 講座,0,microsoft excel講座
100577,solidworks 講習,0,solidworks® 受講生限定
100525,premiere 動画 編集,0,【公式】premiere
100619,office 教室,0,【公式】東京パソコンスクール
100398,都民 共済,0,【公式】都民共済
100029,人事 採用,0,人事評価シートの項目と回答
100817,鹿児島県 土地 売却,0,土地を無料査定
100994,幼児 勉強,0,2022年【最新】人気ランキング
100995,小学5年生 勉強,0,【公式】進研ゼミ小学講座
101008,学研 体験,0,【公式】学研体験コース
100630,パワーポイント 研修,0,powerpoint研修はkenスクール
100528,3次元cad,0,3次元cadデータはken
100348,生命 保険会社,0,【2022年】生命保険ランキング
100887,paypay 住宅ローン,0,paypay銀行の住宅ローン
100696,デザイナー 求人,0,デザイナー募集
100444,power bi 講座,0,【公式】power bi
100055,求人 サイト 正社員,0,20代第二新卒に特化
100363,ネット 保険 死亡 保障,0,ネットで申込める死亡保険
100971,求人 相模原,0,相模原市の人と関わらない仕事の求人情報
100648,こどもちゃれんじ チャレンジタッチ,0,こどもちゃれんじ
100443,power bi 講座,0,【公式】power bi
100010,インターンシップ 募集,0,インターンシップの参加者募集なら
100934,ビタミン a 化粧 水,0,ビタミンa
100811,オリックス vipローン,0,【公式】オリックス・クレジット
100215,vivian ブーツ,0,vivian boots
100576,jwcad 講習,0,jwcad研修はkenスクール
100140,エンジニア 募集,0,エンジニア・プログラマー採用
100654,チャレンジ 中学講座,0,【公式】進研ゼミ中学講座
100611,パソコン資格 mos,0,mos研修はkenスクール
100695,デザイナー 求人,0,デザイナー募集
100584,建築cad 学校,0,【公式】東京建築cadスクール
100019,パーソルキャリア 株式 会社,0,パーソルキャリア株式会社
100736,主婦ジョブ 在宅,0,【公式】しゅふjob
100467,aws 資格 勉強 方法,0,aws資格の取得をサポート
100377,死ぬ 保険 金,0,ネットで申込める死亡保険
100480,ruby 勉強,0,ruby on rails入門
100313,車両 ネット 保険,0,チューリッヒの自動車保険/公式
100799,ニッセイ 自動車保険,0,【公式】ニッセイダイレクト
100561,cad スクール 神奈川,0,cad研修はkenスクール
100684,子供 学習,0,子供のための学習教材なら
100145,コンサルタント 募集,0,コンサルタント採用なら
100334,三 大 疾病 保険,0,三大疾病保険
100044,求人 採用,0,ビズリーチ【企業向け公式】
100109,人材採用 手法,0,人材採用でおすすめの企業
100394,かんぽ生命 医療保険,0,医療保険cure next
100745,求人 町田市 パート,0,【パートタイムok】求人サイト
100393,おすすめ 医療保険,0,【2022年】医療保険ランキング
100834,福山市 土地 売却,0,福山市の土地売却
100551,catia,0,catia
100768,パート 求人 大田区,0,大田区パートタイム求人
100923,化粧 水 シーラボ,0,【公式】ドクターシーラボ
100682,タブレット教育,0,タブレット学習ならtac
100742,求人 町田市 パート,0,【パートタイムok】求人サイト
100253,rps 通販,0,rps
100504,アドビ プレミア 講座,0,【公式】アドビプレミア
100566,cad 石川県,0,cadを活かして仕事を
100305,車両保険 インターネット,0,ネット専用のお得な自動車保険
100251,anna sui ネックレス,0,2022年最新ネックレス通販
100336,任意保険 シュミレーション,0,【公式】アクサダイレクト
100871,保険 見積もり,0,【2022年】生命保険ランキング
100983,パート 求人 さいたま市,0,【公式】はたらこねっと
100779,杉並区 パート 募集,0,杉並区パート求人
100227,tocca ショルダー バッグ,0,tocca公式オンラインストア
100152,経理 社員 募集,0,【公式】アクセンチュア採用hp
100849,車保険 見積もり,0,東京の自動車保険を徹底比較
100839,土地 売却,0,土地を無料査定
100547,建築cad 学校,0,【公式】東京建築cadスクール
100260,フェイラー ハンカチ,0,フェイラーハンカチ
100788,求人 町田市 パート,0,【パートタイムok】求人サイト
100675,幼児 タブレット勉強,0,幼児タブレット学習おすすめは?
100440,power bi トレーニング,0,【公式】power bi
100323,三井住友海上 自動車保険,0,三井住友海上1day保険
100244,フラボア バッグ,0,フラボア公式通販サイト
100213,23区 レディース ブラウス,0,23区ファッション通販
100018,人事 採用,0,人事評価シートの項目と回答
100868,保険 見積もり,0,【2022年】生命保険ランキング
100660,しまじろう 4歳,0,しまじろう4歳
100083,コンサルタント 募集,0,コンサルタント採用なら
100188,the north face 子供 帽子,0,the north face子供帽子
100126,神奈川県 採用,0,神奈川県の転職・求人情報
100826,土地 売りたい,0,土地を無料査定
100751,求人 相模原,0,相模原市の人と関わらない仕事の求人情報
100139,エンジニア 募集,0,エンジニア・プログラマー採用
100418,がん 通院 保険,0,がん保険人気ランキング
100546,autocad 勉強,0,autocad 2を無料で学ぶ
100240,ブルーノ 通販,0,ブルーノ
100725,新潟市 ハローワーク 求人 パート,0,【公式】ハローワーク新潟パート
100947,身体にいい男,0,身体にいい男
100357,持病 が あっ て も 入れる 死亡 保険 安い,0,【死亡保険】太陽生命
100669,中学生 進研ゼミ,0,【公式】進研ゼミ中学講座
100276,コンバース,0,コンバース
100497,アドビ エフェクト,0,【公式】アドビシステムズ
101009,学研プライムゼミ,0,学研プライムゼミ
100828,北九州市 土地 買取,0,【公式】三井のリハウス
100308,三井 車 保険,0,【公式】三井ダイレクト損保
100502,アドビ プレミア 講座,0,【公式】アドビプレミア
100164,通販 生活 まくら,0,【公式】くらしのマーケット
100492,indesign スクール,0,indesign公式オンラインストア
100012,インターン 応募,0,インターンシップはkenスクール
100123,採用 福岡,0,【公式】beet direct
100134,itエンジニア 募集,0,未経験からitエンジニアへ
100302,自動車保険 安い 新規,0,【2022年】自動車保険ランキング
100889,ジャパン 住宅ローン,0,ジャパンホームグループの住宅ローン
100952,正直不動産 電子書籍,0,正直不動産
100941,こんなのしらない 最新,0,こんなのしらない
100102,リクルートダイレクトスカウト 企業向け,0,リクルートダイレクトスカウト
100089,中途 採用,0,【リクルート】採用担当者向け
100125,採用 福岡,0,【公式】beet direct
100047,求人 方法,0,今すぐ求人掲載したい方へ
100113,採用 募集,0,【企業様向け】
100157,クリエイター 募集,0,優秀なクリエイターをご紹介
100643,powerpoint 資格,0,powerpoint®資格
100810,オリックス vipローン,0,【公式】オリックス・クレジット
100404,県民 共済 保険 ガン 保険,0,ネットで申込めるがん保険
100079,期間工 募集,0,今すぐ求人掲載したい方へ
100379,損保 ジャパン 日本,0,損保ジャパン【公式】
100686,こどもちゃれんじ タブレット,0,こどもちゃれんじ
100982,パート 求人 さいたま市,0,【公式】はたらこねっと
100168,潤みどクリーム,0,潤みどクリーム
100419,がんほけん,0,がん保険人気ランキング
100333,保険 見積,0,【2022年】生命保険ランキング
100317,三井住友海上 自動車,0,三井住友海上1day保険
100474,python 学習,0,【公式】python 2
100008,インターンシップ 募集,0,インターンシップの参加者募集なら
100275,コンバース キャップ,0,コンバース
100567,cad 石川県,0,cadを活かして仕事を
100848,車両保険 安い,0,チューリッヒの自動車保険/公式
100063,求人 採用,0,ビズリーチ【企業向け公式】
100924,ドクターシーラボ 7 日間 無料,0,【公式】ドクターシーラボ
100732,しゅふジョブ,0,【公式】しゅふjob
100407,生命保険料,0,【2022年】生命保険ランキング
100704,求人 町田市 パート,0,【パートタイムok】求人サイト
100450,power automate スクール,0,power automate tokyo
100340,任意保険 バイク,0,バイク保険
100726,主婦ジョブ,0,【公式】しゅふjob
100475,react 学習,0,社員研修ならreact
100236,ブルーノ 通販,0,ブルーノ
100057,求人 代理店,0,【公式】アクセンチュア採用hp
100664,子供 学習,0,子供のための学習教材なら
100274,any fam kids,0,any fam kids
100485,オンライン 勉強,0,オンラインスクールの選び方
100437,おすすめ 医療保険,0,【2022年】医療保険ランキング
100162,マキタ 掃除 機 比較,0,マキタ掃除機
100242,フラボア マルイ,0,フラボアマルイ
100964,横浜市 パート 求人,0,【パートタイムok】求人サイト
100232,23区 レディース ブラウス,0,23区ファッション通販
100045,就職 サイト,0,無料で掲載できる求人サイト
100814,鹿児島県 土地 売却,0,土地を無料査定
100111,正社員 募集,0,中途社員の募集なら
100713,長岡市 バイト,0,バイト採用にお困りの飲食店の方
100753,タウンワーク 求人,0,タウンワーク求人
100867,保険 見積もり,0,【2022年】生命保険ランキング
100025,北海道 採用,0,採用担当者向け
100946,女の子が抱いちゃダメですか 巻,0,女の子が抱いちゃダメですか
100781,練馬区 光が丘 求人,0,【公式】oubo
100575,jwcad 講習,0,jwcad研修はkenスクール
100532,3dキャド,0,3dキャド
100173,潤みどクリーム,0,潤みどクリーム
100884,三井 住友 海上 自動車 保険,0,【公式】住友海上の自動車保険
101010,学研プライムゼミ,0,学研プライムゼミ
100933,オールインワンジェル,0,【公式】オールインワンジェル
100505,premiere 動画 編集,0,【公式】premiere
100549,cad 利用技術者試験,0,cadオペレーター試験
100589,タブレット 進研ゼミ,0,【公式】進研ゼミ中学講座
100730,主婦ジョブ 東京,0,【公式】しゅふjob
100771,求人 足立区,0,今すぐ求人掲載したい方へ
100874,自動車保険 格安,0,【2022年】自動車保険ランキング
100130,doda 掲載,0,doda(デューダ)
100295,ボウタイ リボン ブラウス,0,【楽天】ボウタイリボン
100423,がん 通院 保険,0,がん保険人気ランキング
100358,持病 が あっ て も 入れる 死亡 保険 おすすめ,0,【死亡保険】太陽生命
100598,通信 塾,0,栄光ゼミナールの冬期講習
100281,アルアバイル マルイ,0,アルアバイルマルイ
100473,python プログラミング 初心者,0,【公式】pythonプログラミングスクール
100534,3dcad 勉強,0,【公式】3dcadオペ
100573,jwcad 講習会,0,【公式】jwcad研修会
100673,ベネッセ 英語,0,【公式】進研ゼミ英語講座
100612,オフィス 資格,0,オフィス資格
100211,歩きやすい パンプス,0,歩きやすいパンプス
100774,求人 板橋区,0,【板橋区】で転職したい人向け
100226,タケオキクチ 財布,0,タケオキクチ財布
100228,トッカ サンダル,0,トッカサンダル
100544,オートcad,0,autocad 2023
101000,小学生 自宅学習,0,小学生の自宅での学習の進め方
100755,東京 銀座 バイト,0,銀座の居酒屋バイト
100513,イラストレーター スクール,0,イラストレーター研修はkenスクール
100829,北九州市 土地 買取,0,【公式】三井のリハウス
100138,エンジニア 募集,0,エンジニア・プログラマー採用
100693,英語 小学生 通信,0,小学生の英語学習に最適な教材
100050,求人 検索,0,転職ならdoda(デューダ)
100864,自動車 保険 見積り,0,自動車保険20社一括見積もり
100307,損保 自動車保険,0,【公式】損保の自動車保険
100272,エニィファム 丸井,0,ホットペッパービューティー
100306,損保 自動車保険,0,【公式】損保の自動車保険
100846,トヨタ 保険,0,【公式】トヨタ損保
100878,保険の窓口インズウェブ,0,保険の窓口インズ・ウェブ
100239,ブルーノ 通販,0,ブルーノ
100004,デューダ 企業,0,2022年企業向け人事評価ツール
100361,生命保険 人気,0,【2022年】生命保険ランキング
100397,がんほけん,0,がん保険人気ランキング
100907,インド綿 ワンピース,0,インド綿のワンピース
100360,ネット 保険 死亡,0,ネットで申込める死亡保険
100256,卑弥呼 サンダル,0,卑弥呼サンダル
100283,マーキーズ マルイ,0,マーキーズマルイ
100516,インデザイン 学ぶ,0,1年間本気で英語を学ぶ
100455,power automate 学ぶ,0,power automate
100870,保険 見積もり,0,【2022年】生命保険ランキング
100330,保険 見積,0,【2022年】生命保険ランキング
100869,保険 見積もり,0,【2022年】生命保険ランキング
100943,とある科学の超電磁砲 電子書籍,0,とある科学の超電磁砲
100798,車両保険 ダイレクト,0,【2022年】自動車保険ランキング
100942,二月の勝者 漫画,0,二月の勝者
100456,aws 研修,0,企業向けのaws研修を提供
100180,uvカット 日傘,0,日傘uvカット
100873,損保 自動車 保険,0,【公式】損保の自動車保険
100059,採用 相場,0,【公式】トヨタ/期間従業員募集
100434,がんほけん,0,がん保険人気ランキング
100035,doda 掲載,0,doda(デューダ)
100392,コープ 医療 保険,0,【ライフネット生命】医療保険
100939,くらもちふさこ コミック,0,くらもちふさこ
100687,子供 タブレット学習,0,子供タブレット学習おすすめは?
100580,vectorworks 学校,0,【公式】vectorworks
100469,パイソン 勉強,0,プログラミングを無料で学ぶ
100740,タウンワーク,0,タウンワーク採用
100850,自動車 保険 見積り,0,自動車保険20社一括見積もり
100545,オートcad,0,autocad 2023
100699,doda 料金,0,doda(デューダ)
100069,工場 求人,0,製造業で働こう/正社員
100789,短期 バイト 江戸川区,0,江戸川区の短期バイトなら
100417,都民 共済 癌,0,【公式】都民共済だより
100129,デューダ 掲載,0,doda(デューダ)
100572,catia スクール,0,catia公式オンラインショップ
100241,ブルーノ 通販,0,ブルーノ
100468,aws 研修,0,企業向けのaws研修を提供
100310,全労済 マイカー,0,【全労済】マイカーローン
100429,がんほけん,0,がん保険人気ランキング
100879,mini 保険,0,ミニ保険
100609,スマイルゼミ 幼児,0,「スマイルゼミ」幼児コース
100285,マーキーズ マルイ,0,マーキーズマルイ
100932,ドクターシーラボ センシティブ,0,【公式】ドクターシーラボ
100412,七色 保険,0,【公式】リトルファミリー
100070,期間工 募集,0,今すぐ求人掲載したい方へ
100427,コープ 医療 保険,0,【ライフネット生命】医療保険
100770,求人 足立区,0,今すぐ求人掲載したい方へ
100368,ファイン セイブ,0,ファインセイブ
100519,インデザイン 学ぶ,0,1年間本気で英語を学ぶ
100685,子供 勉強 タブレット,0,【公式】goo学習タブレット
100880,bmw 保険,0,チューリッヒの自動車保険/公式
100800,三井住友海上 自動車保険,0,三井住友海上1day保険
100094,リクルートダイレクトスカウト 企業向け,0,リクルートダイレクトスカウト
100442,power automate 学校,0,power automate tokyo
100115,採用 情報,0,【公式】トヨタ/期間従業員募集
100775,求人 板橋区,0,【板橋区】で転職したい人向け
100950,正直不動産 電子書籍,0,正直不動産
100610,office 講座,0,microsoft office 2
100578,ヴェクターワークス,0,ヴェクターワークス
100746,求人 ボックス,0,求人サイト制作はentry
100565,cad スクール 千葉,0,cad研修はkenスクール
100996,幼児 勉強,0,2022年【最新】人気ランキング
100735,在宅 バイト 東京,0,家なし仕事なしを一気に解決
100261,bebe 子供 服,0,2022年子供服ランキング
100797,車両保険 インターネット,0,ネット専用のお得な自動車保険
100014,インターンシップ 募集,0,インターンシップの参加者募集なら
100596,通信 塾,0,栄光ゼミナールの冬期講習
100349,ネット 死亡 保険,0,ネットで申込める死亡保険
100720,しゅ ふ job ログイン,0,ログイン/無料ショップ開設
100220,ブランケット ガーゼ,0,ブランケットガーゼ
100462,react 講座,0,働きながら学べるreact
100600,通信 塾,0,栄光ゼミナールの冬期講習
100217,vivian ブーツ,0,vivian boots
100375,生命保険料,0,【2022年】生命保険ランキング
100563,cad 福岡,0,cadオペレーター福岡
100421,癌 保険,0,【公式】太陽生命のがん保険
100040,求人 法人,0,【企業様向け】求人掲載窓口
100813,土地 売却,0,土地を無料査定
100225,スケッチャーズ パンプス,0,スケッチャーズパンプス
100399,お葬式費用保険,0,葬儀費用保険おすすめ比較サイト
100219,エニィスィス マルイ,0,エニィスィスマルイ
100944,屋根裏部屋の公爵夫人 電子書籍,0,屋根裏部屋の公爵夫人
100972,求人 相模原,0,相模原市の人と関わらない仕事の求人情報
100202,laveange 財布,0,laveange
100268,ミッシュ・マッシュ,0,ミッシュ・マッシュ
100329,安い 癌保険,0,告知項目は3つでかんたん
100245,フルラ キャップ,0,フルラ キャップ
100700,デューダ 企業,0,2022年企業向け人事評価ツール
100748,求人 ボックス,0,求人サイト制作はentry
100900,レジン,0,レジンコミックス
100997,幼児 勉強,0,2022年【最新】人気ランキング
100128,採用 方法,0,最短1日で担当者が訪問
100252,rps パンツ,0,rps
100827,北九州市 土地 買取,0,【公式】三井のリハウス
100855,車両保険 安い,0,チューリッヒの自動車保険/公式
100373,県民 共済 都 道府県,0,【公式】県民共済ja共済
100370,75 歳 過ぎ て も 入れる 死亡 保険 安い,0,ネットで簡単死亡保険比較
100142,コンサルタント 募集,0,コンサルタント採用なら
100073,工場 求人,0,製造業で働こう/正社員
100263,ポール ジョー ポーチ,0,ポールジョーポーチ
100264,ポール ジョー ポーチ,0,ポールジョーポーチ
100136,エンジニア 募集,0,エンジニア・プログラマー採用
100482,illustrator photoshop,0,【公式】illustrator
100515,イラストレーター スクール,0,イラストレーター研修はkenスクール
100893,求人 町田市 パート,0,【パートタイムok】求人サイト
100304,損保 自動車保険,0,【公式】損保の自動車保険
100823,土地 売りたい,0,土地を無料査定
100406,なないろ 生命 と は,0,【死亡保険】太陽生命
100812,オリックス vipローン,0,【公式】オリックス・クレジット
101005,進研ゼミ 中学生,0,【公式】進研ゼミ中学講座
100451,power automate 学習,0,power automate
100163,マキタの掃除機,0,マキタの掃除機
100301,車 任意保険 相場,0,2022年【最新】人気ランキング
100853,損保 ジャパン 自動車 保険,0,【公式】損保ジャパン
100597,通信 塾,0,栄光ゼミナールの冬期講習
100715,長岡市 バイト,0,バイト採用にお困りの飲食店の方
100754,タウンワーク 求人,0,タウンワーク求人
100487,adobe教室,0,【公式】adobe教室
100560,cad スクール 神奈川,0,cad研修はkenスクール
100599,スマイルゼミ,0,スマイルゼミ
100832,福山市 土地 売却,0,福山市の土地売却
100183,カシュカシュ バッグ,0,カシュカシュ
100632,office 研修,0,microsoft office online shop
100233,23区 レディース ブラウス,0,23区ファッション通販
100365,死亡 保険 200 万 円,0,ネットで申込める死亡保険
100342,任意保険 バイク,0,バイク保険
100503,vectorworks 学校,0,【公式】vectorworks
100539,cad 石川県,0,cadを活かして仕事を
100904,通販サイト ファッション,0,男性ファッション通販サイト
100678,幼児 勉強 タブレット,0,2022年おすすめ学習アプリ
100385,ネット 保険 死亡 保障,0,ネットで申込める死亡保険
100466,aws 資格 勉強 方法,0,aws資格の取得をサポート
100636,office 教室,0,【公式】東京パソコンスクール
100541,建築cad,0,cadデータはcadで取得
100181,haba オイル,0,haba
100991,幼児 教材,0,幼児教材でお悩みなら
100324,三井ダイレクト バイク ロードサービス,0,バイク保険
100521,プレミア プロ 講座,0,プレミアプロの入会金はこちら
100843,車両保険 安い,0,チューリッヒの自動車保険/公式
100698,doda 料金,0,doda(デューダ)
100022,デューダ 掲載,0,doda(デューダ)
100533,キャドとは,0,キャド
100086,求人 広告 費用,0,【無料】で求人募集しましょう
100269,misch masch マルイ,0,ミスミッシュマーイ
100601,通信 塾,0,栄光ゼミナールの冬期講習
100165,ウォーター ピロー,0,ウォーターピロー
100988,通信講座,0,【公式】z会/通信講座
100221,ブランケット ガーゼ,0,ブランケットガーゼ
100039,採用 大阪,0,採用担当者向け
100355,七色 保険,0,【公式】リトルファミリー
100535,3dcad 講座,0,3dcadの基礎から応用まで
100364,通院 保険 比較,0,通院保険ランキング
100235,23区 パンプス,0,23区パンプス通販
100926,ドクターシーラボ vc100 サンプル,0,【公式】ドクターシーラボ
100634,office 教室,0,【公式】東京パソコンスクール
100976,求人 野田市,0,【野田市】の転職・求人情報
100721,新発田市 パート 募集,0,リクルートの求人募集
100615,office 教室,0,【公式】東京パソコンスクール
100319,任意保険 シュミレーション,0,【公式】アクサダイレクト
100622,excel 講座,0,microsoft excel講座
100095,リクルートダイレクトスカウト 採用,0,リクルートダイレクトスカウト
100132,エンジニア 募集,0,エンジニア・プログラマー採用
100159,クリエイター 募集,0,優秀なクリエイターをご紹介
100262,ポール&ジョー 通販,0,ポール&ジョー通販
100949,正直不動産,0,正直不動産なら
100042,採用 法人,0,法人向けサービスの提供なら
101002,英語 子供,0,【公式】rizap english
100131,itエンジニア 募集,0,未経験からitエンジニアへ
100860,エスビー アイ 自動車 保険,0,【公式】エスビーアイ自動車保険
100538,3次元cad,0,3次元cadデータはken
100436,医療保険 会社,0,【2022年】医療保険ランキング
100488,adobe 勉強,0,adobe reader®
100640,オフィス 講習,0,中小企業向けの企業研修を提供
100002,デューダ 企業,0,2022年企業向け人事評価ツール
100433,がんほけん,0,がん保険人気ランキング
100833,福山市 土地 売却,0,福山市の土地売却
100587,建築cad,0,cadデータはcadで取得
100026,デザイナー 求人,0,デザイナー募集
100223,シューラルー バッグ,0,cholalu公式オンラインストア
100688,小学1年生 勉強,0,【公式】進研ゼミ小学講座
100836,福山市 土地 売却,0,福山市の土地売却
100347,生命保険料,0,【2022年】生命保険ランキング
100966,平塚市 パート 募集,0,平塚市パートアルバイト求人
100049,求人 検索,0,転職ならdoda(デューダ)
100060,求人 代理店,0,【公式】アクセンチュア採用hp
100438,医療保険 会社,0,【2022年】医療保険ランキング
100744,テンプスタッフ,0,テンプスタッフ
100671,すらら,0,【公式】すらら通販
100494,illustrator photoshop,0,【公式】illustrator
100882,楽天 保険 自動車,0,楽天自動車保険
100338,バイク 保険料,0,【公式】バイク保険
100288,ウィルセレクション マルイ,0,ウィルセレクションマルイ
100585,キャド 建築,0,キャド建築事務所
100270,ミッシュ マッシュ スカート,0,ミッシュマッシュ
100254,rps 洋服,0,【rps】公式通販サイト
100574,jwcad 講習,0,jwcad研修はkenスクール
100088,リクルート 掲載,0,リクルートダイレクトスカウト
100529,3dcad,0,3dcadでcadデータ作成
100835,福山市 土地 売却,0,福山市の土地売却
100543,オートcad,0,autocad 2023
100006,doda 問い合わせ,0,doda(デューダ)
100613,powerpoint 資格,0,powerpoint®資格
100195,lacoste レディース スニーカー,0,lacoste公式オンラインストア
100150,経理 社員 募集,0,【公式】アクセンチュア採用hp
100192,lacoste 通販,0,lacoste公式オンラインストア
100286,マーキーズ マルイ,0,マーキーズマルイ
100148,税理士 募集,0,税理士求人ドットコム
100028,パーソル 転職,0,【公式】persol(パーソル)
100886,東京 海上 日動,0,東京海上日動
100903,通販サイト ファッション,0,男性ファッション通販サイト
100470,aws 研修,0,企業向けのaws研修を提供
100658,タブレット学習 比較,0,【2022】タブレット学習ランキング
100837,福山市 土地 売却,0,福山市の土地売却
100167,ヤマザキミシン,0,ヤマザキミシン
100033,doda 料金,0,doda(デューダ)
100741,タウンワークシニア,0,タウンワークシニア
100291,大人 水着 スポーツ,0,大人の水着
100054,求人 サイト 正社員,0,20代第二新卒に特化
100175,ダニシート,0,ダニを確実に追い出します
100562,cad 福岡,0,cadオペレーター福岡
100172,潤みどクリーム,0,潤みどクリーム
100158,デザイナー 求人,0,デザイナー募集
100945,正直不動産,0,正直不動産なら
100552,revit,0,【公式】revit
100212,パンプス 歩き やすい,0,歩きやすいパンプス
100592,学習塾 中学,0,中学受験、高校受験の学習塾
100556,cad 石川県,0,cadを活かして仕事を
100694,通信講座,0,【公式】z会/通信講座
100918,dr ci labo,0,dr.ci labo
100458,cad 講座 東京,0,cadオペレーター講座
100920,dr ci labo,0,dr.ci labo
100101,デューダ 企業,0,2022年企業向け人事評価ツール
100085,求人 広告 費用,0,【無料】で求人募集しましょう
100265,マイケル コース マルイ,0,マイケルコースマルイ
101007,進研ゼミ 中学生講座,0,【公式】進研ゼミ中学生講座
100667,しまじろう 小学校,0,【公式】しまじろう
100147,経理 求人,0,経理特化型エージェントms
100076,期間工 募集,0,今すぐ求人掲載したい方へ
100121,採用 福岡,0,【公式】beet direct
100197,lacoste レディース スニーカー,0,lacoste公式オンラインストア
100912,アクア コラーゲン ゲル,0,ゲル美容液
100635,office 教室,0,【公式】東京パソコンスクール
100038,経理 社員 募集,0,【公式】アクセンチュア採用hp
100989,通信講座,0,【公式】z会/通信講座
100300,安い 自動車保険,0,チューリッヒの自動車保険/公式
100479,ruby 勉強,0,ruby on rails入門
100677,子供 タブレット学習,0,子供タブレット学習おすすめは?
100372,一 生涯 保険 料 が 上がら ない 死亡 保険,0,保険料が低い順に比較ができる
100750,タウンワーク 求人,0,タウンワーク求人
100790,在宅 バイト 東京,0,家なし仕事なしを一気に解決
100454,power automate 学ぶ,0,power automate
100410,七色 保険,0,【公式】リトルファミリー
100656,タブレット教材 幼児,0,幼児タブレット教材おすすめは?
100581,vectorworks 学校,0,【公式】vectorworks
100747,求人 板橋区,0,【板橋区】で転職したい人向け
100216,vivian ブーツ,0,vivian boots
100352,コープ 医療 保険,0,【ライフネット生命】医療保険
100068,期間工 募集,0,今すぐ求人掲載したい方へ
100198,lacoste レディース スニーカー,0,lacoste公式オンラインストア
100452,power automate スクール,0,power automate tokyo
100151,経理 社員 募集,0,【公式】アクセンチュア採用hp
100062,デザイナー 会社,0,デザイナー募集
100583,ヴェクターワークス,0,ヴェクターワークス
100921,化粧 水 シーラボ,0,【公式】ドクターシーラボ
100714,長岡市 バイト,0,バイト採用にお困りの飲食店の方
100371,生命 保険 定期保険,0,価格com保険でまとめて比較
100290,丸井 水着,0,【公式】丸井呉服店
100591,学習塾 中学,0,中学受験、高校受験の学習塾
100326,任意保険 安い,0,チューリッヒの任意保険
100841,土地 売却,0,土地を無料査定
100024,採用 法人,0,法人向けサービスの提供なら
100697,税理士 募集,0,税理士求人ドットコム
100072,工場 求人,0,製造業で働こう/正社員
100445,power bi 教室,0,power bi
100937,ニキビ 治す,0,2022年最新ニキビ治療クリニック
100851,車保険 見積もり,0,東京の自動車保険を徹底比較
100767,短期 バイト 江戸川区,0,江戸川区の短期バイトなら
100495,アドビ プレミア 講座,0,【公式】アドビプレミア
100078,期間工 募集,0,今すぐ求人掲載したい方へ
100321,三井損保 バイク,0,バイク保険
100218,エニィスィス マルイ,0,エニィスィスマルイ
100594,通信 塾,0,栄光ゼミナールの冬期講習
100137,エンジニア 募集,0,エンジニア・プログラマー採用
100840,土地 売却,0,土地を無料査定
100009,インターンシップ 募集,0,インターンシップの参加者募集なら
100156,デザイナー 募集,0,デザイナー採用なら
100550,キャド,0,キャド
100424,手頃 な が ん 保険,0,【2022年】生命保険ランキング
100975,求人 野田市,0,【野田市】の転職・求人情報
100380,損保 ジャパン 日本,0,損保ジャパン【公式】
100093,中途 採用,0,【リクルート】採用担当者向け
100160,ブルーノ タンブラー,0,ブルーノタンブラー
100249,rose bud 通販,0,rose bud
100659,risu,0,【公式】risu(リス)算数
100757,東京 銀座 バイト,0,銀座の居酒屋バイト
100999,幼児 勉強,0,2022年【最新】人気ランキング
100712,東京 銀座 バイト,0,銀座の居酒屋バイト
100787,短期 バイト 江戸川区,0,江戸川区の短期バイトなら
100052,正社員 募集,0,中途社員の募集なら
100722,新潟市 ハローワーク 求人 パート,0,【公式】ハローワーク新潟パート
100396,特定 疾病 保険,0,保険料が低い順に比較ができる
100243,frapbois セール,0,【公式】frapbois
100902,涼しい 帽子,0,【楽天】涼しい帽子
100590,進研ゼミ,0,【公式】進研ゼミ中学講座
100084,リクルート 掲載,0,リクルートダイレクトスカウト
100259,フェイラー 通販,0,フェイラー
100723,新潟市 ハローワーク 求人 パート,0,【公式】ハローワーク新潟パート
100196,lacoste レディース スニーカー,0,lacoste公式オンラインストア
100582,ヴェクターワークス,0,ヴェクターワークス
100117,北海道 採用,0,採用担当者向け
100689,子供 タブレット学習,0,子供タブレット学習おすすめは?
100877,車両保険 見積もり,0,かんたん5分でシミュレーション
100449,vectorworks 学校,0,【公式】vectorworks
100110,マーケティング 募集,0,採用担当者向け
100465,aws 資格 勉強 方法,0,aws資格の取得をサポート
100809,オリックス ローン 審査,0,【公式】オリックス・クレジット
100036,デザイナー 募集,0,デザイナー採用なら
100112,クリエイター 募集,0,優秀なクリエイターをご紹介
100346,保険 お 得 おすすめ,0,【2022年】生命保険ランキング
100034,doda サイト,0,【公式】転職なら
100246,ロデスコ パンプス,0,ロデスコパンプス
100369,生命保険料,0,【2022年】生命保険ランキング
100980,短期 バイト 川越,0,川越市の短期バイトはタウンワーク
100303,マイカー 共済,0,マイカー共済人気ランキング
100511,illustrator photoshop,0,【公式】illustrator
100048,求人 検索,0,転職ならdoda(デューダ)
100801,オリックス vipローン,0,【公式】オリックス・クレジット
100501,プレミア プロ 講座,0,プレミアプロの入会金はこちら
100087,コンサルタント 募集,0,コンサルタント採用なら
100051,経理 社員 募集,0,【公式】アクセンチュア採用hp
100066,期間工 募集,0,今すぐ求人掲載したい方へ
100206,laveange 財布,0,laveange
100255,マルイ ジル スチュアート,0,マルイジルスチュアート
100097,就職 サイト,0,無料で掲載できる求人サイト
100805,オリックス カード,0,【公式】オリックス・クレジット
100099,リクルートダイレクトスカウト 企業向け,0,リクルートダイレクトスカウト
100422,癌 保険,0,【公式】太陽生命のがん保険
100728,しゅふジョブ,0,【公式】しゅふjob
100071,工場 求人,0,製造業で働こう/正社員
100739,タウンワーク 求人,0,タウンワーク求人
100250,ローズ バット 通販,0,ローズバット
100120,採用 福岡,0,【公式】beet direct
100032,求人 方法,0,今すぐ求人掲載したい方へ
100705,長岡市 バイト,0,バイト採用にお困りの飲食店の方
101004,こどもちゃれんじ 4歳,0,こどもちゃれんじ4歳
100309,東京海上 自動車保険,0,東京海上の自動車保険
100974,戸塚区 求人,0,【戸塚区】のおすすめ
100653,チャレンジ 中学講座,0,【公式】進研ゼミ中学講座
100852,格安 自動車 保険,0,【2022年】自動車保険ランキング
100759,東京 銀座 バイト,0,銀座の居酒屋バイト
100144,コンサルタント 募集,0,コンサルタント採用なら
100287,ウィルセレクション マルイ,0,ウィルセレクションマルイ
100816,鹿児島県 土地 売却,0,土地を無料査定
100359,医療保険 会社,0,【2022年】医療保険ランキング
100819,福山市 土地 売却,0,福山市の土地売却
100229,トッカ トート バッグ,0,トッカトートバッグ
100146,経理 求人,0,経理特化型エージェントms
100752,求人 町田市 パート,0,【パートタイムok】求人サイト
100783,二子玉川 求人,0,【求人二子玉川】のおすすめ
100780,練馬区 アルバイト,0,【バイトするならタウンワーク】
100953,ダチュラ まんが,0,ダチュラ
100707,求人 松本市,0,今すぐ求人掲載したい方へ
100641,オフィス 講習,0,中小企業向けの企業研修を提供
100661,しまじろう 3歳 教材,0,【公式】しまじろう3歳
100509,illustrator オンライン 講座,0,illustrator基本操作をマスター
100096,就職 サイト,0,無料で掲載できる求人サイト
100508,イラストレーター 講座 初心者,0,イラストレーター研修はkenスクール
100439,power bi トレーニング,0,【公式】power bi
100489,photoshop スクール,0,photoshop初心者コース
100981,短期 バイト 川越,0,川越市の短期バイトはタウンワーク
100400,エターナル ベスト パートナー 葬儀 保険,0,エターナル・ベスト・パートナー
100090,エンジニア 募集,0,エンジニア・プログラマー採用
100711,長岡市 バイト,0,バイト採用にお困りの飲食店の方
100553,revit,0,【公式】revit
100820,土地 売りたい,0,土地を無料査定
100463,aws 資格 勉強 方法,0,aws資格の取得をサポート
100628,エクセル パソコン スクール,0,【公式】東京パソコンスクール
100845,ネット 型 自動車 保険 ランキング,0,【2022年】自動車保険ランキング
100614,パソコン資格 mos,0,mos研修はkenスクール
100476,react 講座,0,働きながら学べるreact
100586,建築cad,0,cadデータはcadで取得
100409,生命保険料,0,【2022年】生命保険ランキング
100027,パーソル 転職,0,【公式】persol(パーソル)
100154,人事 採用,0,人事評価シートの項目と回答
100496,adobe 講座,0,【公式】adobe english
100691,オンライン 授業 小学生 おすすめ,0,【公式】eスポーツのオンライン授業
100520,vectorworks 学校,0,【公式】vectorworks
100863,あいおい 損保,0,あいおい損保【公式】
100278,コンバース,0,コンバース
100524,動画 編集 学び 方,0,働きながら学べる動画編集
100416,がん 通院 保険,0,がん保険人気ランキング
100043,doda 求人,0,doda(デューダ)
100483,アフターエフェクト 講座,0,【公式】東京モード学園
100861,車の保険 比較,0,自動車保険20社一括見積もり
100692,英語 小学生 通信,0,小学生の英語学習に最適な教材
100540,cad 講座 東京,0,cadオペレーター講座
100702,デューダ 企業,0,2022年企業向け人事評価ツール
101012,学研プライムゼミ,0,学研プライムゼミ
100312,車両保険 ダイレクト,0,【2022年】自動車保険ランキング
100098,就職 サイト,0,無料で掲載できる求人サイト
100604,子供 塾,0,子供塾なら森塾
100238,ブルーノ 通販,0,ブルーノ
100956,求人 町田市 パート,0,【パートタイムok】求人サイト
100709,求人 松本市,0,今すぐ求人掲載したい方へ
100668,進研ゼミ チャレンジ 一年生,0,【公式】チャレンジタッチ1年生
100327,生命 保険会社,0,【2022年】生命保険ランキング
100331,保険 見直し ラボ,0,【公式】保険見直しラボ
100177,日焼け 止め スプレー,0,日焼け止めスプレー
100279,コンバース,0,コンバース
100876,メルセデスベンツ 保険,0,【公式】メルセデス・ベンツ
100616,アクセス パソコン,0,【公式】livedata
100905,低身長 ワンピース,0,低身長ワンピース
100065,期間工 募集,0,今すぐ求人掲載したい方へ
100332,保険 お 得 おすすめ,0,【2022年】生命保険ランキング
100403,生命 保険会社,0,【2022年】生命保険ランキング
100858,自動車 保険 sbi,0,自動車保険【sbi生命】
100766,パート 求人 大田区,0,大田区パートタイム求人
100719,主婦 仕事 横浜,0,【公式】はたらこねっと
100037,求人 法人,0,【企業様向け】求人掲載窓口
100366,死亡 保険 安い 高齢 者,0,ネットで申込める死亡保険
100542,autoキャド,0,autoキャド
100517,インデザイン 学ぶ,0,1年間本気で英語を学ぶ
100644,パワーポイント 研修,0,powerpoint研修はkenスクール
100222,無印 ガーゼケット,0,【楽天】無印良品ガーゼケット
100376,は な さくせい めい ほけん,0,はなさくせいめい生命保険
100277,マルイ コンバース,0,マルイコンバース
100293,レイン コート 自転車,0,レインコート
100518,インデザイン 学ぶ,0,1年間本気で英語を学ぶ
100913,オールインワンジェル,0,【公式】オールインワンジェル
101011,学研プライムゼミ,0,学研プライムゼミ
100386,ネット 保険 死亡,0,ネットで申込める死亡保険
101006,進研ゼミ 中学生講座,0,【公式】進研ゼミ中学生講座
100322,三井 自動車保険,0,三井のダイレクト自動車保険
100724,新潟市 ハローワーク 求人 パート,0,【公式】ハローワーク新潟パート
100320,損保 ジャパン 日本,0,損保ジャパン【公式】
100706,タウンワーク 求人,0,タウンワーク求人
100432,がんほけん,0,がん保険人気ランキング
100234,23区 パンプス,0,23区パンプス通販
100895,oioi サンダル,0,oioiサンダル
100411,コープ 医療 保険,0,【ライフネット生命】医療保険
100339,任意保険 バイク,0,バイク保険
100608,スマイルゼミ 幼児,0,「スマイルゼミ」幼児コース
100426,手頃 な が ん 保険,0,【2022年】生命保険ランキング
100391,三 大 疾病 保険,0,三大疾病保険
100875,フェラーリ 保険,0,フェラーリの保険
100631,オフィス 講習,0,中小企業向けの企業研修を提供
100353,生命 保険会社,0,【2022年】生命保険ランキング
100266,マイケル・コース,0,マイケル・コース
100815,鹿児島県 土地 売却,0,土地を無料査定
100885,東京 海上 日動,0,東京海上日動
100570,キャティア cad,0,cadオペレーター
100231,23区 レディース ブラウス,0,23区ファッション通販
100031,doda 求人,0,doda(デューダ)
100185,coca 服,0,【coca】公式通販
100674,タブレット教材 年長,0,年長タブレット教材
100464,aws 学ぶ,0,awsクラウド研修はkenスクール
100872,自動車 保険 見積り,0,自動車保険20社一括見積もり
100568,catia cad,0,cadオペレーター
100626,excel 講座,0,microsoft excel講座
100420,手頃 な が ん 保険,0,【2022年】生命保険ランキング
100838,福山市 土地 売却,0,福山市の土地売却
100135,エンジニア 募集,0,エンジニア・プログラマー採用
100666,しまじろう 英語,0,【公式】しまじろう英語
100681,タブレット教材 年長,0,年長タブレット教材
100447,power bi スクール,0,【公式】power bi
100237,ブルーノ 通販,0,ブルーノ
100498,アフターエフェクト スクール,0,アフターエフェクトの専門校
100453,power automate 講座,0,【公式】power automate
100081,採用 方法,0,最短1日で担当者が訪問
100058,求人 代理店,0,【公式】アクセンチュア採用hp
100328,おすすめ 医療保険,0,【2022年】医療保険ランキング
100915,化粧品 無料 お試し,0,【公式】every skin
100490,イラストレーター 講座 初心者,0,イラストレーター研修はkenスクール
100821,土地 売却,0,土地を無料査定
100015,インターンシップ 募集,0,インターンシップの参加者募集なら
100914,ドクターシーラボ ビタミン c ローション,0,【公式】ドクターシーラボ
100413,がんほけん,0,がん保険人気ランキング
100016,インターンシップ 募集,0,インターンシップの参加者募集なら
100374,かんぽ生命 医療保険,0,医療保険cure next
100986,通信講座,0,【公式】z会/通信講座
100143,コンサルタント 募集,0,コンサルタント採用なら
100362,生命保険料,0,【2022年】生命保険ランキング
100030,パーソル キャリア 求人,0,【公式】persolキャリア
100013,インターンシップ 募集,0,インターンシップの参加者募集なら
100187,coca 服,0,【coca】公式通販
100657,進研ゼミ 小学講座 チャレンジタッチ,0,【公式】チャレンジタッチ
100931,アクア コラーゲン ゲル,0,ゲル美容液
100378,通院 保険 比較,0,通院保険ランキング
100082,求人 方法,0,今すぐ求人掲載したい方へ
100824,土地 売りたい,0,土地を無料査定
100531,3d キャド,0,3dキャド
100710,週一 バイト 東京,0,今すぐ求人掲載したい方へ
100847,mini 保険,0,ミニ保険
100184,クリフメイヤー マルイ,0,クリフメイヤーマルイ
100053,採用 情報,0,【公式】トヨタ/期間従業員募集
100446,power bi 学習,0,【公式】power bi
100092,採用 相場,0,【公式】トヨタ/期間従業員募集
100493,illustrator photoshop,0,【公式】illustrator
100023,デューダ 採用,0,今すぐ求人掲載したい方へ
100122,採用 福岡,0,【公式】beet direct
100064,採用 情報,0,【公式】トヨタ/期間従業員募集
100896,まるい 靴,0,今すぐ無料お試し
100571,catia スクール,0,catia公式オンラインショップ
100818,鹿児島県 土地 売却,0,土地を無料査定
100383,定期 死亡保険,0,2022年生命保険最新ランキング
100639,オフィス 講習,0,中小企業向けの企業研修を提供
100928,化粧品 お試しセット 無料,0,トライアルセット
100208,ラビ アンジェ ワンピース,0,ラビアンジェ
100046,就職 サイト,0,無料で掲載できる求人サイト
100925,ドクターシーラボ セール,0,【公式】ドクターシーラボ
100802,オリックス ローン 審査,0,【公式】オリックス・クレジット
100680,5歳 タブレット,0,【公式】5歳タブレット
100294,薄手 カーディガン,0,カーディガン
100041,求人 広告 費用,0,【無料】で求人募集しましょう
100637,office 教室,0,【公式】東京パソコンスクール
100341,任意保険 バイク,0,バイク保険
100344,貯蓄 型 保険 10 年 満期 ランキング,0,【2022年】生命保険ランキング
100200,ラビ アンジェ 傘,0,ラビアンジェ
100484,adobe 勉強,0,adobe reader®
100080,採用 情報,0,【公式】トヨタ/期間従業員募集
100119,採用 福岡,0,【公式】beet direct
100133,itエンジニア 募集,0,未経験からitエンジニアへ
100273,any fam,0,公式オンラインショップ
100555,キャド 建築,0,キャド建築事務所
100441,react 研修,0,【法人向け】react研修
100282,マーキーズ マルイ,0,マーキーズマルイ
100559,cad スクール 神奈川,0,cad研修はkenスクール
100448,power bi スクール,0,【公式】power bi
100405,なないろ 生命 と は,0,【死亡保険】太陽生命
100617,アクセス 初心者 講座,0,アクセス初心者でも安心
100865,ja 車 保険,0,自動車保険
100618,パワポ 講座,0,通信講座パワポ
100190,吉田 カバン,0,【公式】吉田カバン
100343,バイク 盗難保険,0,バイク保険比較/価格com
100124,デザイナー 募集,0,デザイナー採用なら
100141,エンジニア 募集,0,エンジニア・プログラマー採用
100389,7 大 疾病 保険 ランキング,0,【2022年】生命保険ランキング
100384,ネット 保険 死亡,0,ネットで申込める死亡保険
100461,aws 学ぶ,0,awsクラウド研修はkenスクール
100186,coca 服,0,【coca】公式通販
100402,生命 保険会社,0,【2022年】生命保険ランキング
100822,土地 売却,0,土地を無料査定
100955,ワタシ以外みんなバカ コミック,0,ワタシ以外みんなバカ
100390,おすすめ 医療保険,0,【2022年】医療保険ランキング
100230,tocca リュック,0,【公式】tocca(トッカ)
100620,access パソコン教室,0,パソコン教室access
100191,lacoste 通販,0,lacoste公式オンラインストア
100727,主婦ジョブ,0,【公式】しゅふjob
100395,死亡 保障 と 医療 保障,0,【2022年】生命保険ランキング
100588,スマイルゼミ 幼児,0,「スマイルゼミ」幼児コース
100381,ファイン セイブ,0,ファインセイブ
100209,アガット ブレスレット,0,アガットブレスレット
100899,ぐるなび お 取り寄せ,0,【公式】ぐるなび
100506,vectorworks 学校,0,【公式】vectorworks
100507,photoshop スクール,0,photoshop初心者コース
100161,ブルーノ ハンディ ファン,0,ブルーノ・ハンディファン
100116,採用 情報,0,【公式】トヨタ/期間従業員募集
100207,laveange 財布,0,laveange
100289,ウィルセレクション マルイ,0,ウィルセレクションマルイ
100171,潤みどクリーム,0,潤みどクリーム
100690,おすすめ 通信教育 小学生,0,タブレット学習、おすすめは?
100959,在宅ワーク 東京 データ入力,0,完全在宅ワークデータ入力初心者
100854,車両保険 安い,0,チューリッヒの自動車保険/公式
100990,通信講座,0,【公式】z会/通信講座
100103,リクルートダイレクトスカウト 企業向け,0,リクルートダイレクトスカウト
100500,premiere 動画 編集,0,【公式】premiere
100247,ロペ ピクニック サンダル,0,ロペピクニックサンダル
101001,勉強 小学生,0,【公式】進研ゼミ小学講座
100257,フェイラー ポーチ,0,フェイラーポーチ
100927,コスメ サンプル,0,コスメのサンプル
100067,神奈川県 採用,0,神奈川県の転職・求人情報
100105,doda 企業,0,doda(デューダ)
100510,インデザイン 学ぶ,0,1年間本気で英語を学ぶ
100963,戸塚 求人,0,リクルートの求人募集
100296,ボウタイ リボン ブラウス,0,【楽天】ボウタイリボン
100548,autocad 勉強,0,autocad 2を無料で学ぶ
100940,つきのおまめ コミック,0,つきのおまめ
100387,ネット 保険 死亡,0,ネットで申込める死亡保険
100189,吉田 カバン,0,【公式】吉田カバン
100883,三井 住友 海上 自動車 保険,0,【公式】住友海上の自動車保険
100862,全労済 自動車 保険,0,【公式】全労済の自動車保険
100807,オリックス カード,0,【公式】オリックス・クレジット
100948,隣の席の変な先輩 最新,0,隣の席の変な先輩
100595,通信 塾,0,栄光ゼミナールの冬期講習
100408,生命 保険会社,0,【2022年】生命保険ランキング
100114,採用 情報,0,【公式】トヨタ/期間従業員募集
100672,コナンゼミ,0,【公式】進研ゼミ中学講座
100891,求人 町田市 パート,0,【パートタイムok】求人サイト
100729,在宅ワーク 東京 データ入力,0,完全在宅ワークデータ入力初心者
100205,laveange 財布,0,laveange
100627,エクセル パソコン スクール,0,【公式】東京パソコンスクール
100248,rose bud パンプス,0,ローズブレッドパンプス
100665,こどもちゃれんじ イングリッシュ,0,こどもちゃれんじenglish
100733,主婦ジョブ パート,0,【公式】しゅふjob
100663,しまじろう 3歳 教材,0,【公式】しまじろう3歳
100638,オフィス 講習,0,中小企業向けの企業研修を提供
100214,vivian ブーツ,0,vivian boots
100731,しゅふジョブ,0,【公式】しゅふjob
100425,都民 共済 癌,0,【公式】都民共済だより
100007,インターン 夏,0,【学生限定】長期有給インターン
100199,ラコステ t シャツ,0,lacoste公式オンラインストア
100649,子供 学習,0,子供のための学習教材なら
100523,premiere 動画 編集,0,【公式】premiere
100337,バイク 任意保険 おすすめ,0,バイク保険比較/価格com
100522,アドビ プレミア 講座,0,【公式】アドビプレミア
100897,ぐるなび 通販,0,【公式】ぐるなび
100898,ぐり すぐり,0,ぐり すぐり
100514,イラストレーター 学校,0,イラストレーター研修はkenスクール
100459,aws 勉強,0,アジャイルの無料相談
100335,7 大 疾病 保険 ランキング,0,【2022年】生命保険ランキング
100749,求人 ボックス,0,求人サイト制作はentry
100743,テンプスタッフ,0,テンプスタッフ
100017,インターンシップ 募集,0,インターンシップの参加者募集なら
100734,主婦ジョブ 在宅,0,【公式】しゅふjob
100623,エクセル パソコン スクール,0,【公式】東京パソコンスクール
100001,デューダ 企業,0,2022年企業向け人事評価ツール
100844,車両保険 安い,0,チューリッヒの自動車保険/公式
100645,powerpoint 資格,0,powerpoint®資格
100311,三井ダイレクト損保 自動車保険,0,自動車保険
100954,鬼獄の夜 漫画,0,鬼獄の夜
